{
    "US": 0,
    "Egypt": 1,
    "Iran": 2,
    "King Hussein": 3,
    "Hezbollah": 4,
    "Gulf States": 5,
    "Qatar": 6,
    "Arab League Council": 7,
    "France": 8,
    "Israel": 9,
    "United States": 10,
    "U.S. State Department": 11,
    "EU": 12,
    "Lebanon": 13,
    "Jordan": 14,
    "China": 15,
    "Tunisia": 16,
    "Hamas": 17,
    "European Union": 18,
    "Italy": 19,
    "Iran government": 20,
    "United Nations High Commissioner for Refugees (UNHCR)": 21,
    "Palestine": 22,
    "EU member states": 23,
    "US Congress": 24,
    "India": 25,
    "Canada": 26,
    "Soviet Union": 27,
    "Kuwait": 28,
    "Tuvia Brodie": 29,
    "Hariri": 30,
    "Tzipi Livni": 31,
    "Britain": 32,
    "US officials": 33,
    "Palestinian": 34,
    "Turkey": 35,
    "Canada government": 36,
    "John Boehner": 37,
    "Yair Lapid": 38,
    "U.S. citizens": 39,
    "Benjamin Netanyahu": 40,
    "Israel government": 41,
    "Terrorist entities": 42,
    "International Atomic Energy Agency (IAEA)": 43,
    "Palestinian delegation": 44,
    "Argentina": 45,
    "Binyamin Netanyahu": 46,
    "John Kerry": 47,
    "Iranian officials": 48,
    "Mohammad Javad Zarif": 49,
    "Iranian negotiators": 50,
    "Wendy Sherman": 51,
    "White House": 52,
    "Iranian Foreign Minister Javad Zarif": 53,
    "White House Press Secretary Josh Earnest": 54,
    "Russia": 55,
    "Leila Khaled": 56,
    "Jeb Bush": 57,
    "UN": 58,
    "Elbit Systems": 59,
    "Lockheed Martin": 60,
    "Jason Rezaian": 61,
    "Palestinian Authority": 62,
    "Susan Rice": 63,
    "G4S": 64,
    "Mossad chief Yossi Cohen": 65,
    "Boeing": 66,
    "Islamic State": 67,
    "Anti-Semitism": 68,
    "Al-Jazeera": 69,
    "Iraq": 70,
    "U.S.": 71,
    "Japan": 72,
    "Turkmenistan": 73,
    "Turkmenistan government": 74,
    "Germany": 75,
    "Egyptian": 76,
    "Egypt government": 77,
    "U.S. Central Command": 78,
    "Obama": 79,
    "Uruguay": 80,
    "Knesset": 81,
    "US secretary of state": 82,
    "Ynetnews": 83,
    "Muslim": 84,
    "Australia": 85,
    "Ehud Olmert": 86,
    "Syrian forces": 87,
    "Russian": 88,
    "Ukraine": 89,
    "Iranian Resistance": 90,
    "Ali Akbar Velayati": 91,
    "P5+1 countries": 92,
    "Syria": 93,
    "Jerusalem Municipality": 94,
    "David Ben-Gurion": 95,
    "Ernest Moniz": 96,
    "US negotiators": 97,
    "Hossein Fereydoun": 98,
    "Ali Akbar Salehi": 99,
    "United Kingdom": 100,
    "Daesh": 101,
    "Western countries": 102,
    "European Jews": 103,
    "Hamas spokesman Sami Abu Zuhri": 104,
    "Saudi Arabia": 105,
    "Egypt court": 106,
    "Jerusalem": 107,
    "Madonna": 108,
    "Norway": 109,
    "Iranian counterpart Hassan Rouhani": 110,
    "AIPAC": 111,
    "Islamic State in Iraq and Syria (ISIS)": 112,
    "Yitzhak Herzog": 113,
    "Boko Haram": 114,
    "Arab officials": 115,
    "World powers": 116,
    "Iranian counterpart": 117,
    "Yemen": 118,
    "Alaa Abdel-Fattah": 119,
    "Hassan Rouhani": 120,
    "US Congressmen": 121,
    "Scott Walker": 122,
    "U.S. official": 123,
    "Egyptians": 124,
    "Alaa Abdel Fattah": 125,
    "Egyptian court": 126,
    "Gaza Strip": 127,
    "American Israel Public Affairs Committee (AIPAC)": 128,
    "Yisrael Beytenu chief Avigdor Liberman": 129,
    "Italy government": 130,
    "Tajikistan": 131,
    "Pro-Israel groups": 132,
    "Mossad": 133,
    "Iranian counterpart Javad Zarif": 134,
    "Iran Atomic Energy Organization head Ali Akbar Salehi": 135,
    "Egyptian army": 136,
    "JTA": 137,
    "Moshe Katsav": 138,
    "PA": 139,
    "Shas": 140,
    "Michel Aoun": 141,
    "U.N.": 142,
    "Rudy Giuliani": 143,
    "Aryeh Deri": 144,
    "Likud": 145,
    "NCRI": 146,
    "Samir Geagea": 147,
    "King Salman bin Abdulaziz": 148,
    "America": 149,
    "Al-Azhar": 150,
    "West Germany": 151,
    "Israeli Troops": 152,
    "Sara Netanyahu": 153,
    "Israel Electric Corporation": 154,
    "US administration": 155,
    "South Africa government": 156,
    "Azerbaijan": 157,
    "Transjordan": 158,
    "CIA": 159,
    "Nigeria": 160,
    "West Bank": 161,
    "Palestinian Liberation Organization (PLO)": 162,
    "Federica Mogherini": 163,
    "Martin Indyk": 164,
    "Egyptian President Abdel Fattah al-Sisi": 165,
    "Arab League chief Nabil al-Arabi": 166,
    "Al Jazeera": 167,
    "South Africa": 168,
    "United Nations": 169,
    "State Comptroller Yosef Shapira": 170,
    "Apple": 171,
    "Ali Larijani": 172,
    "Members of Congress": 173,
    "Egyptian officials": 174,
    "Ayatollah Ruhollah Khomeini": 175,
    "Houthis": 176,
    "PM": 177,
    "UAE": 178,
    "Libya": 179,
    "Yisrael Beytenu party": 180,
    "Yesh Atid": 181,
    "World Bank": 182,
    "Siemens": 183,
    "Palestinian Ministry of Health": 184,
    "Palestinian state": 185,
    "Zionist Union": 186,
    "Kerry": 187,
    "Charlie Hebdo": 188,
    "Coca-Cola": 189,
    "Vodafone": 190,
    "IRGC": 191,
    "IS militants": 192,
    "Jewish Settlers": 193,
    "Naftali Bennett": 194,
    "IRGC Commander Major General Mohammad Ali Jafari": 195,
    "Cristina Fernandez de Kirchner": 196,
    "Alberto Nisman": 197,
    "Iraqi Kurds": 198,
    "Turkey president Recep Tayyip Erdogan": 199,
    "Barack Obama": 200,
    "Syrian militants": 201,
    "US-led coalition": 202,
    "Etisalat": 203,
    "Ukraine government": 204,
    "Greek Orthodox Church": 205,
    "Anwar Sadat": 206,
    "Congress": 207,
    "European countries": 208,
    "KSA": 209,
    "Haaretz": 210,
    "Palestine Red Crescent Society": 211,
    "Meir Dagan": 212,
    "Shimon Peres": 213,
    "Afghanistan": 214,
    "Central Elections Committee": 215,
    "Jimmy Carter": 216,
    "Yedioth Ahronoth": 217,
    "Iran president Hassan Rohani": 218,
    "Pakistan": 219,
    "U.S. lawmakers": 220,
    "Israel Hayom": 221,
    "Menachem Begin": 222,
    "Iranian leaders": 223,
    "Israeli Cabinet": 224,
    "Hungary": 225,
    "Al-Qaeda": 226,
    "Matteo Renzi": 227,
    "Czech Republic": 228,
    "World leaders": 229,
    "3. Iran": 230,
    "Poland": 231,
    "Hizbullah": 232,
    "Ayman Odeh": 233,
    "Dennis Ross": 234,
    "PLO": 235,
    "Argentina government": 236,
    "Yemen government": 237,
    "Iranian": 238,
    "Unknown actors": 239,
    "Iranian diplomats": 240,
    "Beirut": 241,
    "Israelis": 242,
    "Jihadists": 243,
    "Democratic Party": 244,
    "Lawmakers": 245,
    "Dianne Feinstein": 246,
    "Washington": 247,
    "Western governments": 248,
    "Gaza": 249,
    "Sen. Lindsey Graham (R-S.C.)": 250,
    "Sisi": 251,
    "Yasser Arafat": 252,
    "Egypt army": 253,
    "UNIFIL": 254,
    "Terrorists in Sinai": 255,
    "Teachers": 256,
    "Chuck Schumer": 257,
    "Lawyers": 258,
    "Iran and Hezbollah": 259,
    "Lebanese people": 260,
    "Twitter users": 261,
    "Americans": 262,
    "Palestinian group Hamas": 263,
    "Peres": 264,
    "Egyptian troops": 265,
    "Michael Oren": 266,
    "Itzik Shmuli": 267,
    "Dubai": 268,
    "IAEA chief Yukiya Amano": 269,
    "Israeli authorities": 270,
    "Ted Cruz": 271,
    "American Jews": 272,
    "Palestinian Hamas movement": 273,
    "U.S. diplomats": 274,
    "Venezuela": 275,
    "Jordanian parliament": 276,
    "Yehuda Glick": 277,
    "Mexico": 278,
    "Investors": 279,
    "NGOs": 280,
    "Palestinian Authority President Mahmoud Abbas": 281,
    "World": 282,
    "Iranian military": 283,
    "Court of Cassation": 284,
    "Europe": 285,
    "Austria": 286,
    "Riyadh": 287,
    "Foreign Minister Jebran Bassil": 288,
    "George W. Bush": 289,
    "Nawaz Sharif": 290,
    "UK": 291,
    "Suspects": 292,
    "Geagea": 293,
    "Bahrain": 294,
    "Security Council": 295,
    "Women Wage Peace": 296,
    "Israeli soldiers": 297,
    "Sheldon Adelson": 298,
    "Egyptian military": 299,
    "Ethiopia": 300,
    "Arab MK": 301,
    "Saudi king": 302,
    "Middle East countries": 303,
    "IAF": 304,
    "Gulf allies": 305,
    "Hillary Clinton": 306,
    "Nusra Front": 307,
    "Senate Majority Leader Mitch McConnell": 308,
    "Islamic countries": 309,
    "Saudi Arabia foreign minister Adel al-Jubeir": 310,
    "Abbas": 311,
    "Libyan army": 312,
    "Simon Wiesenthal Center": 313,
    "Jewish Agency": 314,
    "Tel Aviv": 315,
    "Emirates": 316,
    "Palestinian militants": 317,
    "US President": 318,
    "Palestinian National Authority (PNA)": 319,
    "Struan Stevenson": 320,
    "BP": 321,
    "Ansar Beit Al-Maqdis": 322,
    "Palestinian people": 323,
    "Indonesia": 324,
    "Other countries": 325,
    "Tehran": 326,
    "UN Secretary General": 327,
    "Arab countries": 328,
    "Deri": 329,
    "Thousands of Israelis": 330,
    "Journalist": 331,
    "OPEC": 332,
    "Turkmenistan president Gurbanguly Berdimuhamedov": 333,
    "Mohamed Mursi": 334,
    "Maryam Rajavi": 335,
    "Iran (Islamic Republic of)": 336,
    "WFP": 337,
    "Cyprus": 338,
    "Margot Wallstrom": 339,
    "Sweden": 340,
    "Abdel Moneim Aboul Fotouh": 341,
    "James Baker": 342,
    "GOP": 343,
    "Rick Perry": 344,
    "Iran commander": 345,
    "Natan Sharansky": 346,
    "Tom Cotton": 347,
    "Sen. Tom Cotton": 348,
    "Palestinian children": 349,
    "Tatarstan": 350,
    "Rabbi Shmuley Boteach": 351,
    "Greece": 352,
    "Nefesh B\u2019Nefesh": 353,
    "EU foreign affairs head Federica Mogherini": 354,
    "Moscow": 355,
    "Justin Trudeau": 356,
    "Shanghai Cooperation Organization (SCO)": 357,
    "Ashton Carter": 358,
    "Ariel Sharon": 359,
    "Yitzhak Rabin": 360,
    "Stephen Harper": 361,
    "Qatari government": 362,
    "Republicans in Congress": 363,
    "Kulanu": 364,
    "Islamist militants": 365,
    "French Jews": 366,
    "GCC": 367,
    "Iranian Parliament speaker Ali Larijani": 368,
    "United States and allies": 369,
    "Khamenei": 370,
    "J Street": 371,
    "South Korea": 372,
    "Immigrants": 373,
    "European diplomats": 374,
    "Shiite militias": 375,
    "Suicide bomber": 376,
    "Palestinian terrorist": 377,
    "Zehava Galon": 378,
    "Likud MK": 379,
    "USA": 380,
    "Saddam Hussein": 381,
    "Cairo": 382,
    "United States president": 383,
    "Bill Clinton": 384,
    "Egyptian armed forces": 385,
    "Prime Minister Tammam Salam": 386,
    "Eni": 387,
    "Justice Department": 388,
    "International companies": 389,
    "Singapore": 390,
    "Cyprus government": 391,
    "IMF": 392,
    "People": 393,
    "Syrian President Bashar al Assad": 394,
    "France government": 395,
    "Naguib Sawiris": 396,
    "Pakistani government": 397,
    "Government": 398,
    "West": 399,
    "Fatah": 400,
    "Reuters": 401,
    "PepsiCo": 402,
    "Sudan": 403,
    "Tamir Pardo": 404,
    "Shaked": 405,
    "Mitch McConnell": 406,
    "Kazakhstan": 407,
    "Ron Paul": 408,
    "Stav Shaffir": 409,
    "Palestine government": 410,
    "Christians United for Israel": 411,
    "ADL": 412,
    "Finland": 413,
    "Tony Blair": 414,
    "Morocco government": 415,
    "Turkish authorities": 416,
    "Belarus": 417,
    "David Cameron": 418,
    "Senate Foreign Relations Committee": 419,
    "Bulgaria": 420,
    "Bob Menendez": 421,
    "Saudi Prince Turki al-Faisal": 422,
    "Palestinian leadership": 423,
    "Senate": 424,
    "Palestinian refugees": 425,
    "Mitt Romney": 426,
    "ICC": 427,
    "International community": 428,
    "Zionist Union party": 429,
    "Police": 430,
    "Lebanese parliament": 431,
    "Abdel Fattah Al-Sisi": 432,
    "Vladimir Putin": 433,
    "Palestinian officials": 434,
    "DP World": 435,
    "Arab-Israelis": 436,
    "UN officials": 437,
    "Mohammed Dahlan": 438,
    "Julian Assange": 439,
    "Woman": 440,
    "Israeli settlers": 441,
    "MEPs": 442,
    "Palestinian High Court of Justice": 443,
    "Vatican": 444,
    "Man": 445,
    "US diplomats": 446,
    "Israeli ministers": 447,
    "Kulanu party": 448,
    "Ali Shamkhani": 449,
    "IOM": 450,
    "Tony Blinken": 451,
    "Israeli Defense Forces (IDF)": 452,
    "Russian troops": 453,
    "P5+1 group of countries": 454,
    "Tourists": 455,
    "Jewish voters": 456,
    "Philip Hammond": 457,
    "Refugees": 458,
    "Syrian": 459,
    "Lapid": 460,
    "Zionism": 461,
    "Steve King": 462,
    "Brazil": 463,
    "Jeremy Ben-Ami": 464,
    "Diaspora Jews": 465,
    "United Torah Judaism": 466,
    "Jewish Home": 467,
    "McCain": 468,
    "CIA Director John Brennan": 469,
    "President Reuven Rivlin": 470,
    "Ismail Haniyeh": 471,
    "Ethiopian Prime Minister Hailemariam Desalegn": 472,
    "Iranian General": 473,
    "Iranian Red Crescent Society (IRCS)": 474,
    "Yemeni President Abd-Rabbu Mansour Hadi": 475,
    "Houthi militias in Yemen": 476,
    "President Rivlin": 477,
    "Syrian civilians": 478,
    "Yisrael Beytenu": 479,
    "Cruz": 480,
    "J Street U": 481,
    "Morsi": 482,
    "Protester": 483,
    "Anti-Israel activists": 484,
    "Moshe Yaalon": 485,
    "Gen. Qassem Soleimani": 486,
    "Chinese company": 487,
    "Donald Trump": 488,
    "Saudi Arabia foreign minister": 489,
    "Iranians": 490,
    "European Council": 491,
    "Joint List": 492,
    "Bashar Al-Assad": 493,
    "UCLA": 494,
    "Iranian police": 495,
    "Mahmoud Abbas": 496,
    "Interior Ministry": 497,
    "Arab citizens of Israel": 498,
    "North Korea": 499,
    "Anonymous": 500,
    "European banks": 501,
    "Palestinian citizens": 502,
    "Reuven Rivlin": 503,
    "Meni Naftali": 504,
    "John McCain": 505,
    "Kim Kardashian": 506,
    "Dick Cheney": 507,
    "Kanye West": 508,
    "Likud activists": 509,
    "Joint (Arab) List": 510,
    "Marco Rubio": 511,
    "Palestinian PM": 512,
    "Prime Minister Haider al-Abadi": 513,
    "Yemeni army": 514,
    "Ethiopian Jews": 515,
    "U.S.-led coalition": 516,
    "Iraq government": 517,
    "Author of the article": 518,
    "Mrs. Maryam Rajavi": 519,
    "Taliban": 520,
    "Ali Khamenei": 521,
    "Harvey Weinstein": 522,
    "Switzerland": 523,
    "Saudi-led coalition": 524,
    "Moshe Kahlon": 525,
    "Yemen conflict": 526,
    "Saudi-Arabia": 527,
    "National Security Council": 528,
    "Iran-backed Houthis": 529,
    "Arab foreign ministers": 530,
    "Houthi group": 531,
    "Algeria": 532,
    "GOP lawmakers": 533,
    "Pakistan prime minister Nawaz Sharif": 534,
    "Ehud Barak": 535,
    "Angela Merkel": 536,
    "King of Jordan": 537,
    "Ali Abdullah Saleh": 538,
    "Experts": 539,
    "Virginia": 540,
    "UN Mideast envoy": 541,
    "French FM": 542,
    "Hizbullah leader Sayyed Hassan Nasrallah": 543,
    "Nasrallah": 544,
    "Israeli Forces": 545,
    "US military": 546,
    "Defense Ministry": 547,
    "Iranian official": 548,
    "US State Department official": 549,
    "U.K.": 550,
    "Merkel": 551,
    "Israel and Egypt": 552,
    "GE": 553,
    "UN High Commissioner for Human Rights Zeid Ra'ad Al Hussein": 554,
    "Oman": 555,
    "Abu Dhabi": 556,
    "US Secretary of State": 557,
    "Countries": 558,
    "Frank-Walter Steinmeier": 559,
    "International Organization for Migration (IOM)": 560,
    "Uganda": 561,
    "Clinton": 562,
    "Malcolm Hoenlein": 563,
    "World Jewry": 564,
    "Israel High Court of Justice": 565,
    "Syrian military source": 566,
    "Anti-Defamation League (ADL)": 567,
    "Egyptian protesters": 568,
    "NATO allies": 569,
    "Islamic State militants": 570,
    "Children": 571,
    "Iranian journalist": 572,
    "Christians": 573,
    "Trevor Noah": 574,
    "Syrian Arab Republic": 575,
    "International donors": 576,
    "International Criminal Court (ICC)": 577,
    "Iraqi people": 578,
    "House Speaker John Boehner": 579,
    "Armenia": 580,
    "International Criminal Court": 581,
    "ICC prosecutor Fatou Bensouda": 582,
    "Jumblat": 583,
    "Rabbi Shlomo Riskin": 584,
    "Michele Bachmann": 585,
    "Roseanne Barr": 586,
    "US Missile Defense Agency": 587,
    "Arab coalition": 588,
    "Ukrainian Jews": 589,
    "Cuba": 590,
    "SJP": 591,
    "Republican Jewish Coalition": 592,
    "Baruch Marzel": 593,
    "Pakistani officials": 594,
    "Cairo Criminal Court": 595,
    "Airbnb": 596,
    "State of Palestine": 597,
    "Erekat": 598,
    "Russian citizens": 599,
    "Palestinian fighters": 600,
    "Syrian rebel groups": 601,
    "Lebanese parliamentary speaker Nabih Berri": 602,
    "Syria government": 603,
    "British Jews": 604,
    "Rwanda": 605,
    "Hebron": 606,
    "Maronite Patriarch Beshara al-Rahi": 607,
    "Hackers": 608,
    "Paul Kagame": 609,
    "Turkey foreign minister Mevl\u00fct \u00c7avu\u015fo\u011flu": 610,
    "Islamic Republic": 611,
    "Kenya": 612,
    "Egyptian prosecutors": 613,
    "Hosni Mubarak": 614,
    "Serbia": 615,
    "Saeed Abedini": 616,
    "Kosovar Prime Minister Albin Kurti": 617,
    "Amir Peretz": 618,
    "Pope": 619,
    "Vatican City": 620,
    "Ajnad Misr": 621,
    "Bangladesh": 622,
    "Pope Francis": 623,
    "The West": 624,
    "Red Cross": 625,
    "Russian government": 626,
    "Kuwait government": 627,
    "Algerian Foreign Minister Ramtane Lamamra": 628,
    "Senator Bob Corker": 629,
    "Iran's Islamic Revolutionary Guard Corps (IRGC)": 630,
    "G5+1": 631,
    "Jon Stewart": 632,
    "Arab Parliament": 633,
    "Obama administration officials": 634,
    "Turkish parliament": 635,
    "Women of the Wall": 636,
    "UNSC": 637,
    "Gunmen": 638,
    "Iranian soldiers": 639,
    "Iran's foreign minister": 640,
    "Israel officials": 641,
    "Coptic Church": 642,
    "God": 643,
    "Abdulrahman Al-Rashed": 644,
    "Syrian Deputy Foreign Minister Faisal Mekdad": 645,
    "Tibi": 646,
    "Iranian border guards": 647,
    "Rand Paul": 648,
    "Iran Navy": 649,
    "Arab allies": 650,
    "Saudi government": 651,
    "Yemen rebels": 652,
    "Copts": 653,
    "IFC": 654,
    "Albania": 655,
    "International Committee of the Red Cross": 656,
    "Syrian Kurdish fighters": 657,
    "Marwan Barghouti": 658,
    "Government officials": 659,
    "United Nations Interim Force in Lebanon (UNIFIL)": 660,
    "Popular Front for the Liberation of Palestine (PFLP)": 661,
    "New York": 662,
    "U.S. senators": 663,
    "Activists": 664,
    "GCC member states": 665,
    "Mohammed Badie": 666,
    "Suspect": 667,
    "Attorney General": 668,
    "American Jewish Committee": 669,
    "Jewish Federations of North America": 670,
    "Iranian minister": 671,
    "Nagorno-Karabakh": 672,
    "Soldier": 673,
    "HRW": 674,
    "Yukiya Amano": 675,
    "Alexander Novak": 676,
    "FBI": 677,
    "OIC": 678,
    "UN Watch": 679,
    "Uzbekistan": 680,
    "El Al airlines": 681,
    "Syrian authorities": 682,
    "United States House of Representatives": 683,
    "US Senate Foreign Relations Committee": 684,
    "Dmitry Peskov": 685,
    "French": 686,
    "Bezalel Smotrich": 687,
    "Bob Corker": 688,
    "The Israel Project": 689,
    "Iran's defense minister": 690,
    "Yad Vashem": 691,
    "Hamas members": 692,
    "Israeli security forces": 693,
    "Iranian Defense Minister Amir Hatami": 694,
    "Israeli man": 695,
    "Lebanese Forces leader Samir Geagea": 696,
    "Mohamed Soltan": 697,
    "Al Qaida": 698,
    "G7": 699,
    "Prime Minister Ibrahim Mehleb": 700,
    "Israel lobby": 701,
    "Iranian Supreme Leader Ali Khamenei": 702,
    "G7 countries": 703,
    "Barak": 704,
    "WHO": 705,
    "Israeli Knesset": 706,
    "Haim Saban": 707,
    "Palestinians in the West Bank": 708,
    "Ahmad Tibi": 709,
    "Hizbullah chief Sayyed Hassan Nasrallah": 710,
    "Hezbollah Secretary-General Hassan Nasrallah": 711,
    "Nazi Germany": 712,
    "Bereaved families": 713,
    "Kuwaiti officials": 714,
    "UN Special Coordinator for the Middle East Peace Process": 715,
    "Saudi royal family": 716,
    "Palestinian unity government": 717,
    "Haifa": 718,
    "Afghan President Ashraf Ghani": 719,
    "Egyptian soldiers": 720,
    "Jabhat al-Nusra": 721,
    "Security entities": 722,
    "Israeli soldier": 723,
    "Foreign Ministry": 724,
    "Coalition": 725,
    "Bank Hapoalim": 726,
    "US and other countries": 727,
    "Pope Tawadros II": 728,
    "Opinion": 729,
    "Jewish leaders": 730,
    "US Senators": 731,
    "Jordanian authorities": 732,
    "Libyan authorities": 733,
    "Mohammed Morsi": 734,
    "Ousted Islamist president Mohamed Morsi": 735,
    "U.S. Senate": 736,
    "All Israelis": 737,
    "Iranian experts": 738,
    "US warships": 739,
    "Hadar Goldin": 740,
    "GCC leaders": 741,
    "New Zealand": 742,
    "Israeli occupation authorities": 743,
    "Iranian scientists": 744,
    "Morocco": 745,
    "Prime Minister": 746,
    "IDF Chief of Staff": 747,
    "Rebels": 748,
    "David Albright": 749,
    "UNITED NATIONS": 750,
    "Illinois": 751,
    "Sergey Ryabkov": 752,
    "UNESCO resolution": 753,
    "Firms and Markets": 754,
    "United Nations Security Council resolution": 755,
    "Nepal": 756,
    "Israeli border police": 757,
    "Israeli police": 758,
    "Ottoman Empire": 759,
    "Ash Carter": 760,
    "Palestinian authorities": 761,
    "David Petraeus": 762,
    "Israel police officers": 763,
    "Court": 764,
    "Modi": 765,
    "Gulf of Aden": 766,
    "SOCAR": 767,
    "Yemeni people": 768,
    "Israel Police": 769,
    "6 Palestinians": 770,
    "Austria government": 771,
    "Los Angeles": 772,
    "Mordechai Vanunu": 773,
    "US Navy": 774,
    "British PM": 775,
    "Marshall Islands": 776,
    "Steven Salaita": 777,
    "Uber": 778,
    "Foreigners": 779,
    "Zarif": 780,
    "Mubarak": 781,
    "Ireland": 782,
    "University of Illinois": 783,
    "Palestinians in Israel": 784,
    "Haredi community": 785,
    "Indiana": 786,
    "Burundi": 787,
    "Jewish Home party": 788,
    "MEK": 789,
    "Norway government": 790,
    "Ethiopian protesters": 791,
    "Jewish community": 792,
    "Chabad": 793,
    "Armenian genocide": 794,
    "Palestinian fishing boats": 795,
    "Israeli naval forces": 796,
    "Iranian general Qassem Soleimani": 797,
    "Nabih Berri": 798,
    "Assad": 799,
    "Azerbaijan government": 800,
    "Hussein Salem": 801,
    "Gulf Cooperation Council (GCC) states": 802,
    "Unknown group": 803,
    "Turkey military": 804,
    "Al-Qaida": 805,
    "Demonstrators": 806,
    "Ethiopian community": 807,
    "Shas party": 808,
    "Thailand": 809,
    "SCO": 810,
    "Prosecution": 811,
    "Saudi officials": 812,
    "Israeli drone": 813,
    "Israeli police officers": 814,
    "Ethiopian-Israeli protesters": 815,
    "Chinese companies": 816,
    "Mike Huckabee": 817,
    "United Arab Emirates (UAE)": 818,
    "East Jerusalem": 819,
    "Natalie Portman": 820,
    "Jewish groups": 821,
    "UAE officials": 822,
    "Iran foreign ministry spokeswoman Marzieh Afkham": 823,
    "Ramallah": 824,
    "India government": 825,
    "Prosecutors": 826,
    "Wafd Party": 827,
    "Israel Air Force": 828,
    "Nancy Pelosi": 829,
    "Orange": 830,
    "Druze community": 831,
    "Insurgents": 832,
    "Kylie Jenner": 833,
    "Yesh Atid party": 834,
    "Egyptian police": 835,
    "Israeli banks": 836,
    "Bank of Israel": 837,
    "Indian government": 838,
    "Spain government": 839,
    "Unspecified": 840,
    "Portugal": 841,
    "Palestinians in Jerusalem": 842,
    "Malaysia": 843,
    "ThyssenKrupp Marine Systems": 844,
    "California": 845,
    "IRNA - Islamic Republic News Agency": 846,
    "Joachim Gauck": 847,
    "Opposition entities": 848,
    "Robert Levinson": 849,
    "High Court": 850,
    "Somalia": 851,
    "Cairo International Airport": 852,
    "Amir Hekmati": 853,
    "Blac Chyna": 854,
    "Conservative Party": 855,
    "Regional countries": 856,
    "World Economic Forum": 857,
    "Israel military official": 858,
    "Egypt security forces": 859,
    "Mohsen Rezaei": 860,
    "ICC prosecutor": 861,
    "Israel official": 862,
    "Canadian government": 863,
    "Immigrant": 864,
    "Abu Bakr al-Baghdadi": 865,
    "Tyga": 866,
    "Iran military official": 867,
    "Episcopal Church": 868,
    "Gazprom": 869,
    "Belgium": 870,
    "Gilad Erdan": 871,
    "Tzipi Hotovely": 872,
    "Ethiopian-Israeli community": 873,
    "RT": 874,
    "Kosovo": 875,
    "Speaker Nabih Berri": 876,
    "Bolivia": 877,
    "Cannes Film Festival": 878,
    "Iran Navy Commander Rear Admiral Habibollah Sayyari": 879,
    "Western Wall": 880,
    "Jewish": 881,
    "Qassem Suleimani": 882,
    "Afghan Taliban": 883,
    "Arab": 884,
    "Palestinian laborers": 885,
    "State": 886,
    "Islamic State (ISIS)": 887,
    "New Israel Fund": 888,
    "Djibouti": 889,
    "BDS": 890,
    "Osama bin Laden": 891,
    "Joe Lieberman": 892,
    "NSA": 893,
    "Iranian state TV": 894,
    "Turkish police": 895,
    "Iranian citizen": 896,
    "Washington Post reporter Jason Rezaian": 897,
    "The New York Times": 898,
    "Jerusalem District Court": 899,
    "Texas": 900,
    "Judiciary": 901,
    "Military": 902,
    "Croatia": 903,
    "Omani Foreign Minister Yusuf bin Alawi bin Abdullah": 904,
    "Israeli occupation": 905,
    "Telecom Egypt": 906,
    "Middle East Quartet": 907,
    "Israeli air force": 908,
    "Senator Lindsey Graham": 909,
    "Palestinian official": 910,
    "Education Minister Naftali Bennett": 911,
    "Ayoub Kara": 912,
    "David Amsalem": 913,
    "Sephardic Jews": 914,
    "Columbia University": 915,
    "Caspian Sea littoral states": 916,
    "Israeli Prison Authority": 917,
    "StandWithUs": 918,
    "Houthi forces": 919,
    "Health Ministry": 920,
    "Lindsey Graham": 921,
    "Palestinian Authority prime minister Rami Hamdallah": 922,
    "Christian schools in Israel": 923,
    "Marine Le Pen": 924,
    "British Parliament": 925,
    "Grand Mufti": 926,
    "United Church of Christ": 927,
    "Al-Nusra Front": 928,
    "Israeli leader": 929,
    "Palestinian prisoners": 930,
    "Dore Gold": 931,
    "American": 932,
    "Omar al-Bashir": 933,
    "Egyptian policemen": 934,
    "Masked gunmen": 935,
    "Palestinian farmers": 936,
    "China government": 937,
    "Hamas and Islamic Jihad": 938,
    "Palestinian enclave (Gaza)": 939,
    "Boycott Israel": 940,
    "Samsung": 941,
    "Sinai": 942,
    "Farmers": 943,
    "Switzerland government": 944,
    "UN committee": 945,
    "Palestinian cabinet": 946,
    "Aoun": 947,
    "ZAKA": 948,
    "Bezeq": 949,
    "Dana Gas": 950,
    "Stephane Richard": 951,
    "Egypt Court of Cassation": 952,
    "UNICEF": 953,
    "Francois Hollande": 954,
    "Royal Dutch Shell": 955,
    "Sweden government": 956,
    "Palestinian Center for Human Rights": 957,
    "Donald Tusk": 958,
    "South Carolina": 959,
    "Kurdistan Regional Government": 960,
    "Breaking the Silence": 961,
    "Shell": 962,
    "Palestine Solidarity Campaign": 963,
    "White House officials": 964,
    "European officials": 965,
    "Palestinian population": 966,
    "BDS entities": 967,
    "Palestinian economy": 968,
    "Supreme Court": 969,
    "International coalition": 970,
    "UAE Crown Prince Mohammed bin Zayed Al Nahyan": 971,
    "UN panel": 972,
    "Writer-at-Large Jane Eisner": 973,
    "Oren Hazan": 974,
    "Palestinian National Council": 975,
    "Egypt police": 976,
    "Palestinian Media Watch": 977,
    "Jordanian lawmakers": 978,
    "Sarah Sanders": 979,
    "Bernie Sanders": 980,
    "Noam Chomsky": 981,
    "Hizbollah": 982,
    "Al-Jazeera journalists": 983,
    "Afghan government": 984,
    "Israeli commandos": 985,
    "Reformists": 986,
    "Rouhani": 987,
    "Save the Children": 988,
    "Critics": 989,
    "Iranian intelligence": 990,
    "Palestinian medical sources": 991,
    "Israel security establishment": 992,
    "West Bank Palestinians": 993,
    "Israel police officer": 994,
    "Nazareth": 995,
    "African countries": 996,
    "Human rights groups": 997,
    "Miri Regev": 998,
    "Chevron": 999,
    "Edward Snowden": 1000,
    "Syrian Druze": 1001,
    "Jewish Voice for Peace (JVP)": 1002,
    "International human rights organizations": 1003,
    "Philippines": 1004,
    "Cairo court": 1005,
    "Toronto": 1006,
    "Birthright Israel": 1007,
    "London": 1008,
    "Bnei Menashe": 1009,
    "Smugglers": 1010,
    "Bahraini government": 1011,
    "Ahmed Mansour": 1012,
    "Palestinian NGO": 1013,
    "UNHRC": 1014,
    "German authorities": 1015,
    "MK Basel Ghattas": 1016,
    "United Nations Human Rights Council (UNHRC)": 1017,
    "Palestinian statehood": 1018,
    "UN report": 1019,
    "South African government": 1020,
    "Zionist": 1021,
    "National Council of Resistance of Iran": 1022,
    "Australian government": 1023,
    "Laurent Fabius": 1024,
    "Amos Oz": 1025,
    "Syrian Democratic Forces": 1026,
    "Palestinians in Gaza Strip": 1027,
    "Fatah movement": 1028,
    "Syrian media": 1029,
    "Mayim Bialik": 1030,
    "North America": 1031,
    "European Parliament": 1032,
    "Turkish foreign ministry": 1033,
    "Interpol": 1034,
    "Valerie Jarrett": 1035,
    "Eritrea": 1036,
    "Eritrean asylum seekers": 1037,
    "Iran Guardian Council": 1038,
    "Iranian deputy foreign minister": 1039,
    "James Packer": 1040,
    "B'Tselem": 1041,
    "ISNA - Iranian Students' News Agency": 1042,
    "Western nations": 1043,
    "Israeli diplomats": 1044,
    "Rabbi Eliezer Berland": 1045,
    "New Jersey": 1046,
    "Israeli protesters": 1047,
    "Kyrgyzstan": 1048,
    "Western officials": 1049,
    "Palestinians in Gaza": 1050,
    "Sinai Peninsula": 1051,
    "Israeli citizen": 1052,
    "Aliyah": 1053,
    "Theresa May": 1054,
    "George Soros": 1055,
    "Kurdistan": 1056,
    "Reporter": 1057,
    "Fateh": 1058,
    "Behrouz Kamalvandi": 1059,
    "Ryanair": 1060,
    "Noble Energy": 1061,
    "Reform Jews": 1062,
    "Jewish activists": 1063,
    "Jewish visitors": 1064,
    "Kurdistan Workers Party (PKK)": 1065,
    "Christians United for Israel (CUFI)": 1066,
    "Rabbi": 1067,
    "Ghana": 1068,
    "Sderot": 1069,
    "Yariv Levin": 1070,
    "Costa Rica": 1071,
    "Iranian army": 1072,
    "Hamas official": 1073,
    "Avera Mengistu": 1074,
    "Javad Zarif": 1075,
    "Airbus": 1076,
    "Khaled Mashaal": 1077,
    "Ohio": 1078,
    "Egyptian interior ministry": 1079,
    "Vienna": 1080,
    "Culture Minister Miri Regev": 1081,
    "House Foreign Affairs Committee": 1082,
    "PKK militants": 1083,
    "Europeans": 1084,
    "Zionist regime": 1085,
    "Sigmar Gabriel": 1086,
    "Ploughshares Fund": 1087,
    "Hashed al-Shaabi": 1088,
    "UAE official": 1089,
    "US Treasury": 1090,
    "Isaac Herzog": 1091,
    "Foreign Minister Sameh Shoukry": 1092,
    "Senator Marco Rubio": 1093,
    "Turkish leaders": 1094,
    "ICC judges": 1095,
    "Red Crescent": 1096,
    "Max Blumenthal": 1097,
    "Romania": 1098,
    "Ami Ayalon": 1099,
    "J.J. Goldberg": 1100,
    "Mohammed bin Salman": 1101,
    "Shah Mehmood Qureshi": 1102,
    "German officials": 1103,
    "Revolutionary Guard": 1104,
    "Afghan migrants": 1105,
    "Renault": 1106,
    "Turkish citizens": 1107,
    "Berlin": 1108,
    "Joe Biden": 1109,
    "Saudi Arabia leaders": 1110,
    "Fatou Bensouda": 1111,
    "Palestinian sources": 1112,
    "Islamophobia": 1113,
    "Senior Iranian official": 1114,
    "US Treasury Department": 1115,
    "Yemeni government forces": 1116,
    "US Republicans": 1117,
    "Ministry of Finance": 1118,
    "South Sudan": 1119,
    "The Netherlands": 1120,
    "Al Azhar": 1121,
    "US Air Force": 1122,
    "Thousands of people": 1123,
    "US Senator": 1124,
    "Cameroon": 1125,
    "IPCS": 1126,
    "Settlers": 1127,
    "Israel Defense Forces soldiers": 1128,
    "Bahraini authorities": 1129,
    "Chicago": 1130,
    "US companies": 1131,
    "Ahrar al-Sham": 1132,
    "Iran National Iranian Gas Company (NIGC)": 1133,
    "Army": 1134,
    "Suez Canal": 1135,
    "Kurdish People's Protection Units (YPG)": 1136,
    "Orthodox Jews": 1137,
    "Yishai Schlissel": 1138,
    "Moshe Gafni": 1139,
    "Palestinian villagers": 1140,
    "Sierra Leone": 1141,
    "Paris": 1142,
    "Republican lawmakers": 1143,
    "Turkish army": 1144,
    "Turkish troops": 1145,
    "Jeremy Corbyn": 1146,
    "Magen David Adom": 1147,
    "Jewish extremists": 1148,
    "Shin Bet": 1149,
    "Meir Ettinger": 1150,
    "Public": 1151,
    "Air France": 1152,
    "Shira Banki": 1153,
    "King Abdullah": 1154,
    "U.S. President": 1155,
    "Harvard University": 1156,
    "UAE authorities": 1157,
    "Emirates NBD": 1158,
    "Kirsten Gillibrand": 1159,
    "Lebanese officials": 1160,
    "Sergei Shoigu": 1161,
    "Ronald Reagan": 1162,
    "Croatian President Kolinda Grabar-Kitarovic": 1163,
    "Grand Ayatollah Ali al-Sistani": 1164,
    "Palestinian Territories": 1165,
    "Iranian state media": 1166,
    "Deutsche Bank": 1167,
    "Sen. Bernie Sanders (I-Vt.)": 1168,
    "Christian community": 1169,
    "Two people": 1170,
    "US Commerce Department": 1171,
    "Israeli Energy Minister": 1172,
    "U.S. envoy": 1173,
    "Academics": 1174,
    "United Arab Emirates government": 1175,
    "Mike Bloomberg": 1176,
    "Tunisian government": 1177,
    "Iranian lawmaker": 1178,
    "Iran Review": 1179,
    "Riots": 1180,
    "Palestinian prisoners in Israeli jails": 1181,
    "Turkish officials": 1182,
    "International Fellowship of Christians and Jews": 1183,
    "Niger": 1184,
    "Israel Airports Authority": 1185,
    "Palestinian Bedouin village": 1186,
    "Iranian man": 1187,
    "Russian diplomats": 1188,
    "Australian authorities": 1189,
    "Syrian officials": 1190,
    "Haredi Jews": 1191,
    "Danny Danon": 1192,
    "Unspecified country": 1193,
    "Iranian parliamentarians": 1194,
    "Sri Lanka": 1195,
    "Greek government": 1196,
    "Harry Reid": 1197,
    "President Isaac Herzog": 1198,
    "Opposition leader": 1199,
    "Saudi-led alliance": 1200,
    "Latin America": 1201,
    "NY": 1202,
    "Saudi Aramco": 1203,
    "Human Rights Watch (HRW)": 1204,
    "IAEA Director-General Yukiya Amano": 1205,
    "George H.W. Bush": 1206,
    "Tunisian authorities": 1207,
    "Riot police": 1208,
    "Damascus": 1209,
    "Gabi Ashkenazi": 1210,
    "British": 1211,
    "Palestinian parliament": 1212,
    "Israeli security services": 1213,
    "U.S. embassy": 1214,
    "West Bank settlement": 1215,
    "Chris Christie": 1216,
    "Gaza Health Ministry": 1217,
    "Workers": 1218,
    "Israeli security official": 1219,
    "UN General Assembly": 1220,
    "Church": 1221,
    "African migrants": 1222,
    "Extremists": 1223,
    "JCPOA": 1224,
    "Azerbaijani President Ilham Aliyev": 1225,
    "Nuclear Non-Proliferation Treaty (NPT)": 1226,
    "Planned Parenthood": 1227,
    "Rabbis": 1228,
    "John Kasich": 1229,
    "Gal Hirsch": 1230,
    "Democratic National Committee (DNC)": 1231,
    "Kazakhstan government": 1232,
    "UNCTAD": 1233,
    "Leaders": 1234,
    "SodaStream": 1235,
    "Israel-Palestine conflict": 1236,
    "Sanhedrin": 1237,
    "Lawyer": 1238,
    "Ahed Tamimi": 1239,
    "Egypt foreign minister": 1240,
    "United Kingdom government": 1241,
    "Assad regime": 1242,
    "Japan government": 1243,
    "Iranian Air Force": 1244,
    "Israeli planes": 1245,
    "Colin Powell": 1246,
    "Egypt Ministry of Foreign Affairs": 1247,
    "Unknown country": 1248,
    "European country": 1249,
    "Syrian citizens": 1250,
    "Debbie Wasserman Schultz": 1251,
    "US Defense Department": 1252,
    "Egyptian security officials": 1253,
    "Alexander Van der Bellen": 1254,
    "Samir Kuntar": 1255,
    "League of Arab States": 1256,
    "Yesha Council": 1257,
    "UN High Commissioner for Refugees": 1258,
    "Turkish military": 1259,
    "Yahya Sinwar": 1260,
    "Zionist Organization of America": 1261,
    "Sarah Palin": 1262,
    "Catholic Church": 1263,
    "Hospitals": 1264,
    "Israel Tax Authority": 1265,
    "Israel Security Agency (Shin Bet)": 1266,
    "Ruthie Blum": 1267,
    "Hamas leader Khaled Meshaal": 1268,
    "Iran Atomic Energy Organization (AEOI)": 1269,
    "British Labour Party": 1270,
    "GCC foreign ministers": 1271,
    "Haim Katz": 1272,
    "Mexico government": 1273,
    "Palestine Red Crescent Society (PRCS)": 1274,
    "Iceland": 1275,
    "Telegram": 1276,
    "Schools": 1277,
    "Adalah": 1278,
    "Microsoft": 1279,
    "Israeli extremists": 1280,
    "Russian jets": 1281,
    "Iron Dome missile defense system": 1282,
    "Georgia": 1283,
    "OMV": 1284,
    "Dani Dayan": 1285,
    "ICRC": 1286,
    "Saleh al-Arouri": 1287,
    "Senate Armed Services Committee": 1288,
    "NPT": 1289,
    "Ramzy Baroud": 1290,
    "Conference of Presidents of Major American Jewish Organizations": 1291,
    "Palestinian Foreign Minister Riad Malki": 1292,
    "Malcolm Turnbull": 1293,
    "Russian companies": 1294,
    "Egyptian counterpart": 1295,
    "Brazilian government": 1296,
    "U.N. General Assembly": 1297,
    "Syrian Foreign Minister Walid Muallem": 1298,
    "Mahmud Abbas": 1299,
    "National Iranian Oil Company (NIOC)": 1300,
    "Jordan's King Abdullah": 1301,
    "Israeli prison authorities": 1302,
    "Palestinian worshipers": 1303,
    "French authorities": 1304,
    "Jewish Voice for Peace": 1305,
    "Cairo University": 1306,
    "U.S. Supreme Court": 1307,
    "Turkish Prime Minister Ahmet Davutoglu": 1308,
    "British Airways": 1309,
    "Syrian Arab Army (SAA)": 1310,
    "Moroccan authorities": 1311,
    "Egypt Minister of Foreign Affairs Sameh Shoukry": 1312,
    "Palestinian medics": 1313,
    "Pranab Mukherjee": 1314,
    "Palestinian security forces": 1315,
    "Mahmoud al-Zahar": 1316,
    "Slovakia": 1317,
    "Palestinian forces": 1318,
    "Palestine Chronicle": 1319,
    "Palestinian assailants": 1320,
    "Russian Navy": 1321,
    "NATO Secretary-General Jens Stoltenberg": 1322,
    "Kevin McCarthy": 1323,
    "Uri Avnery": 1324,
    "Iron Dome": 1325,
    "AU": 1326,
    "Palestinian men": 1327,
    "Iran's judiciary": 1328,
    "Sudanese authorities": 1329,
    "Settler": 1330,
    "Palestinians": 1331,
    "Israeli occupying forces": 1332,
    "United Nations Security Council (UNSC)": 1333,
    "Joint Comprehensive Plan of Action": 1334,
    "Senegal": 1335,
    "Jesus": 1336,
    "Palestinians in East Jerusalem": 1337,
    "Rasmea Odeh": 1338,
    "Raed Salah": 1339,
    "NASA": 1340,
    "Rosneft": 1341,
    "Armed Forces": 1342,
    "Mozambique": 1343,
    "Indonesian government": 1344,
    "Jordanian protesters": 1345,
    "Lithuania": 1346,
    "UNRWA employees": 1347,
    "US media": 1348,
    "State prosecutors": 1349,
    "Ankara": 1350,
    "Israeli occupation soldiers": 1351,
    "US ambassador": 1352,
    "Hamas operatives": 1353,
    "Russian warplanes": 1354,
    "Eritrean man": 1355,
    "Nablus": 1356,
    "Palestinian residents": 1357,
    "Tel Aviv University": 1358,
    "International Monetary Fund (IMF)": 1359,
    "Jewish National Fund": 1360,
    "New Zealand government": 1361,
    "Saudi court": 1362,
    "2 Palestinians": 1363,
    "Lufthansa": 1364,
    "Africa": 1365,
    "Yesh Atid leader Yair Lapid": 1366,
    "Israeli guard": 1367,
    "Temple Mount": 1368,
    "US court": 1369,
    "J.K. Rowling": 1370,
    "Yigal Amir": 1371,
    "Total": 1372,
    "Lukoil": 1373,
    "Israeli settlements": 1374,
    "Kim Jong-un": 1375,
    "Hashemite Kingdom of Jordan": 1376,
    "Unknown person": 1377,
    "Yossi Dagan": 1378,
    "Zimbabwe": 1379,
    "Moshe Ya'alon": 1380,
    "Hamas leader Ismail Haniyeh": 1381,
    "Arizona": 1382,
    "World Jewish Congress": 1383,
    "El Salvador": 1384,
    "World Jewish Congress President Ronald Lauder": 1385,
    "Siamak Namazi": 1386,
    "MKs": 1387,
    "Iraq parliament": 1388,
    "Saeb Erekat": 1389,
    "Radical Islam": 1390,
    "Operation Protective Edge": 1391,
    "Nizar Zakka": 1392,
    "Sen. Ted Cruz (R-Texas)": 1393,
    "Hollywood": 1394,
    "Hamas (Gaza)": 1395,
    "Movement entities": 1396,
    "Palestinian leader Yasser Arafat": 1397,
    "US Department of Homeland Security": 1398,
    "Ugandan government": 1399,
    "South Korean officials": 1400,
    "Gas Exporting Countries Forum (GECF)": 1401,
    "Terrorism": 1402,
    "Michelle Obama": 1403,
    "Boeing Co.": 1404,
    "UNDP": 1405,
    "Palestinian leader": 1406,
    "Hossam Bahgat": 1407,
    "Russian tourists": 1408,
    "US State Department spokesman John Kirby": 1409,
    "Society for Worldwide Interbank Financial Telecommunication (SWIFT)": 1410,
    "Italian officials": 1411,
    "Civilians": 1412,
    "Knesset committee": 1413,
    "Progressives": 1414,
    "MSF": 1415,
    "Palestinian suspects": 1416,
    "Cornel West": 1417,
    "Aeroflot": 1418,
    "IOF": 1419,
    "Mikhail Bogdanov": 1420,
    "Esther Pollard": 1421,
    "French police": 1422,
    "Lebanese Armed Forces (LAF)": 1423,
    "Vodafone Egypt": 1424,
    "Islamic Movement in Israel": 1425,
    "Yisrael Katz": 1426,
    "Mali": 1427,
    "UNESCO Director-General Irina Bokova": 1428,
    "Qatar Red Crescent Society (QRCS)": 1429,
    "Waqf": 1430,
    "USAID": 1431,
    "Parliament": 1432,
    "Prime Minister Sherif Ismail": 1433,
    "Macedonia": 1434,
    "Rabbi Yechiel Eckstein": 1435,
    "Sudanese migrants": 1436,
    "Angola": 1437,
    "Bethlehem": 1438,
    "Iran Judiciary": 1439,
    "Rafah crossing": 1440,
    "Panama": 1441,
    "Michael Bloomberg": 1442,
    "General Qassem Soleimani": 1443,
    "African Union (AU)": 1444,
    "Tamar Zandberg": 1445,
    "Eurasian Economic Union (EEU)": 1446,
    "Reza Pahlavi": 1447,
    "Palestinian radio station": 1448,
    "Syndicates": 1449,
    "Yosef Haim Ben-David": 1450,
    "Netherlands government": 1451,
    "Myanmar government": 1452,
    "Guinea": 1453,
    "Equatorial Guinea": 1454,
    "UN nuclear agency": 1455,
    "US State Department spokesman Mark Toner": 1456,
    "Israeli court": 1457,
    "Pentagon": 1458,
    "Medical staff": 1459,
    "Montenegro": 1460,
    "Margot Wallstr\u00f6m": 1461,
    "Palestinian lawmaker Khalida Jarrar": 1462,
    "Al-Quds University": 1463,
    "Huawei": 1464,
    "Arab Bank": 1465,
    "Hamas leadership": 1466,
    "MK Ayman Odeh": 1467,
    "3 Palestinians": 1468,
    "Israelis and Palestinians": 1469,
    "Assembly of Experts": 1470,
    "African Development Bank": 1471,
    "Ari Harow": 1472,
    "Bar Refaeli": 1473,
    "Supporters": 1474,
    "Israel security officials": 1475,
    "World Bank Group": 1476,
    "Greece prime minister Alexis Tsipras": 1477,
    "Saudi Arabian officials": 1478,
    "Zoabi": 1479,
    "Iran foreign ministry spokesman Hossein Jaber Ansari": 1480,
    "Islam": 1481,
    "Histadrut labor federation": 1482,
    "Hebrew University of Jerusalem": 1483,
    "Peru": 1484,
    "AP": 1485,
    "Iranian Defense Minister Brigadier General Hossein Dehqan": 1486,
    "Russian fighter jets": 1487,
    "Hector Timerman": 1488,
    "Mongolia": 1489,
    "Palestinian health ministry": 1490,
    "Iranian court": 1491,
    "Democratic presidential candidates": 1492,
    "Iran central bank governor Valiollah Seif": 1493,
    "Quds Force": 1494,
    "Najib Razak": 1495,
    "Russian diplomat": 1496,
    "Staffan de Mistura": 1497,
    "Palestinian organizations": 1498,
    "Iraqi military": 1499,
    "State Prosecutor Shai Nitzan": 1500,
    "Bahrain court": 1501,
    "US military officials": 1502,
    "Treasury Department": 1503,
    "PCHR": 1504,
    "Gaza City": 1505,
    "Ibrahim": 1506,
    "Dahlan": 1507,
    "Iranian foreign ministry spokesman": 1508,
    "Ayatollah Ahmad Khatami": 1509,
    "Bahrain foreign minister": 1510,
    "Nashat Milhem": 1511,
    "Security Chaos": 1512,
    "Amiram Ben-Uliel": 1513,
    "PFLP": 1514,
    "Citizens": 1515,
    "Sudan government": 1516,
    "Guardian Council": 1517,
    "Saudi Arabia and Iran": 1518,
    "Iran senior official": 1519,
    "American citizens": 1520,
    "Imran": 1521,
    "Palestinian Police": 1522,
    "Meretz party": 1523,
    "Leader": 1524,
    "Comoros": 1525,
    "Ezra Nawi": 1526,
    "Sourani": 1527,
    "Birzeit University": 1528,
    "Palestinian security services": 1529,
    "MoveOn": 1530,
    "Sudanese Foreign Minister Ibrahim Ghandour": 1531,
    "US Navy sailors": 1532,
    "United Methodist Church": 1533,
    "House Speaker Paul Ryan": 1534,
    "Iraqi troops": 1535,
    "Iranian Ambassador to Russia Mehdi Sanaei": 1536,
    "Ben Rhodes": 1537,
    "Israeli officer": 1538,
    "Florida": 1539,
    "EU Foreign Affairs Council": 1540,
    "Hisham Geneina": 1541,
    "Dafna Meir": 1542,
    "NYC": 1543,
    "Sushma Swaraj": 1544,
    "Malka Leifer": 1545,
    "State Attorney's Office": 1546,
    "Iran's Foreign Ministry": 1547,
    "Central Bank of Iran (CBI)": 1548,
    "Russian delegation": 1549,
    "IRNA": 1550,
    "OIC member countries": 1551,
    "Xi Jinping": 1552,
    "Paul Ryan": 1553,
    "Chinese counterpart Xi Jinping": 1554,
    "Run for president": 1555,
    "US Ambassador to Israel": 1556,
    "Students": 1557,
    "US dollar": 1558,
    "Israeli journalists": 1559,
    "Palestinian journalist Mohammed al-Qiq": 1560,
    "Emmanuel Macron": 1561,
    "Libyan National Army (LNA)": 1562,
    "Adolf Eichmann": 1563,
    "Palestinian Legislative Council (PLC)": 1564,
    "Taiwan": 1565,
    "Izz ad-Din al-Qassam Brigades": 1566,
    "Ethiopian government": 1567,
    "Iranian opposition group": 1568,
    "Saudi": 1569,
    "Miriam Adelson": 1570,
    "ATR": 1571,
    "Minister": 1572,
    "Chelsea Clinton": 1573,
    "Peace Now": 1574,
    "Iraqi government forces": 1575,
    "Sameh Shoukry": 1576,
    "Nir Barkat": 1577,
    "Ecuador": 1578,
    "Iranian Quds Force": 1579,
    "HSBC": 1580,
    "Aleppo": 1581,
    "Federal judge": 1582,
    "Persian Gulf states": 1583,
    "Police Commissioner Roni Alsheikh": 1584,
    "Giulio Regeni": 1585,
    "Facebook": 1586,
    "Lebanese Army": 1587,
    "UAE Minister of State for Foreign Affairs Anwar Gargash": 1588,
    "All people": 1589,
    "Nabil Shaath": 1590,
    "European allies": 1591,
    "Donald J. Trump": 1592,
    "Louis Farrakhan": 1593,
    "Babak Zanjani": 1594,
    "Palestinian communities": 1595,
    "The Times of Israel": 1596,
    "Sirhan Sirhan": 1597,
    "Rabbi Rick Jacobs": 1598,
    "Baku": 1599,
    "Robert F. Kennedy": 1600,
    "Saad al-Hariri": 1601,
    "KLM": 1602,
    "James Clapper": 1603,
    "Holocaust": 1604,
    "Boutros Boutros-Ghali": 1605,
    "Haider al-Abadi": 1606,
    "Nouri al-Maliki": 1607,
    "Oman government": 1608,
    "Iranian companies": 1609,
    "Israel Security Cabinet": 1610,
    "King Mohammed VI": 1611,
    "Erbil": 1612,
    "Iraqi Kurdistan region": 1613,
    "US presidential candidates": 1614,
    "Mohamed Ali": 1615,
    "Ayatollah Rafsanjani": 1616,
    "Azeri President Ilham Aliyev": 1617,
    "Bosnia and Herzegovina": 1618,
    "Avichai Mandelblit": 1619,
    "Italian authorities": 1620,
    "World Council of Churches": 1621,
    "Americans for Peace Now": 1622,
    "Lod": 1623,
    "Ministry of Antiquities": 1624,
    "Tanzania": 1625,
    "Rafsanjani": 1626,
    "Gaza residents": 1627,
    "Indian Navy": 1628,
    "Voters": 1629,
    "YPG": 1630,
    "SDF": 1631,
    "UNWTO": 1632,
    "Oxford University": 1633,
    "Congo": 1634,
    "Bank Leumi": 1635,
    "OECD": 1636,
    "Avi Dichter": 1637,
    "Nation of Islam": 1638,
    "Ruth Bader Ginsburg": 1639,
    "Banque Misr": 1640,
    "Middle East leaders": 1641,
    "Israeli occupation troops": 1642,
    "Korea": 1643,
    "Pakistani nationals": 1644,
    "Baquer Namazi": 1645,
    "Ministerial Committee for Legislation": 1646,
    "Miki Zohar": 1647,
    "German companies": 1648,
    "South Korean government": 1649,
    "South Korea government": 1650,
    "Azerbaijan's Economy Minister Shahin Mustafayev": 1651,
    "Tunisian President Beji Caid Essebsi": 1652,
    "IAEA Chief": 1653,
    "IDF Spokesperson's Unit": 1654,
    "Israel Katz": 1655,
    "Joko Widodo": 1656,
    "Mohammad Khatami": 1657,
    "Hezbollah official": 1658,
    "American tourist": 1659,
    "Women's Boat to Gaza": 1660,
    "Sheikh Isa Qassim": 1661,
    "ZTE Corp": 1662,
    "UK Labour Party": 1663,
    "Irish government": 1664,
    "Frenchman": 1665,
    "UN resolution": 1666,
    "Gebran Bassil": 1667,
    "JNS.org": 1668,
    "Ivory Coast": 1669,
    "Hamas delegation": 1670,
    "Vietnam": 1671,
    "Diplomats": 1672,
    "Reform and Conservative movements": 1673,
    "UNSC members": 1674,
    "United Nations Security Council Resolution 2231": 1675,
    "Ibrahim Halawa": 1676,
    "CAIR": 1677,
    "Global community": 1678,
    "Reporters Without Borders (RSF)": 1679,
    "Turkish foreign minister Mevlut Cavusoglu": 1680,
    "International organizations": 1681,
    "Turkish FM Mevlut Cavusoglu": 1682,
    "Russian Foreign Ministry": 1683,
    "Jake Tapper": 1684,
    "ThyssenKrupp": 1685,
    "Raul Castro": 1686,
    "Reza Zarrab": 1687,
    "Chad": 1688,
    "Belgian authorities": 1689,
    "Oil producing countries": 1690,
    "Israeli company": 1691,
    "Ministry of Education": 1692,
    "Belgian government": 1693,
    "Jacob Zuma": 1694,
    "Egyptian Prime Minister Sherif Ismail": 1695,
    "Lebanese citizens": 1696,
    "Amr Moussa": 1697,
    "Armenian government": 1698,
    "Israeli public": 1699,
    "Israeli rabbis": 1700,
    "Iranian Deputy Foreign Minister for Legal and International Affairs Abbas Araqchi": 1701,
    "Egyptian delegation": 1702,
    "Jared Kushner": 1703,
    "Egyptian intelligence officials": 1704,
    "KRG": 1705,
    "Supreme Leader": 1706,
    "Bahraini officials": 1707,
    "Chinese": 1708,
    "Kazakh President Nursultan Nazarbayev": 1709,
    "Palestinian shepherds": 1710,
    "Turkish presidential spokesman Ibrahim Kalin": 1711,
    "Russian experts": 1712,
    "Steven Spielberg": 1713,
    "Simone Zimmerman": 1714,
    "Ahmed Shafiq": 1715,
    "Geneva": 1716,
    "Palestinian security sources": 1717,
    "Church of the Holy Sepulchre": 1718,
    "US troops": 1719,
    "Health Minister": 1720,
    "Jason Greenblatt": 1721,
    "Society": 1722,
    "OPEC member countries": 1723,
    "Corey Lewandowski": 1724,
    "Hong Kong": 1725,
    "Russian counterpart": 1726,
    "Egyptian prosecution": 1727,
    "Ben & Jerry's": 1728,
    "Earthquake": 1729,
    "Egyptian man": 1730,
    "Hamas terrorists": 1731,
    "Park Geun-hye": 1732,
    "Sergio Mattarella": 1733,
    "Australian": 1734,
    "Rioters": 1735,
    "North Korea government": 1736,
    "Sgt. Elor Azaria": 1737,
    "Palestinian Islamic Resistance Movement (Hamas)": 1738,
    "US authorities": 1739,
    "Isfahan": 1740,
    "Hamas terrorist group": 1741,
    "IfNotNow": 1742,
    "Israeli fighter jets": 1743,
    "Hamas activists": 1744,
    "Solar Impulse 2": 1745,
    "Donors": 1746,
    "AJC": 1747,
    "Haneen Zoabi": 1748,
    "Naz Shah": 1749,
    "Jordanian man": 1750,
    "Azerbaijani officials": 1751,
    "Ken Livingstone": 1752,
    "Department of Defense": 1753,
    "Nauru": 1754,
    "Major General Yahya Rahim Safavi": 1755,
    "Al-Aqsa Mosque": 1756,
    "Mehdi Karroubi": 1757,
    "Foreign companies": 1758,
    "Eurovision Song Contest": 1759,
    "Adolf Hitler": 1760,
    "Judea and Samaria": 1761,
    "European Broadcasting Union (EBU)": 1762,
    "Palestinian militant group": 1763,
    "Yesh Din": 1764,
    "Chile": 1765,
    "Egyptian journalists": 1766,
    "Indian officials": 1767,
    "Palestinian Prisoners Society": 1768,
    "Palestinian Islamic Jihad (PIJ": 1769,
    "Nazis": 1770,
    "State Comptroller": 1771,
    "Haredim": 1772,
    "Yair Golan": 1773,
    "Husband": 1774,
    "Sadiq Khan": 1775,
    "Cabinet": 1776,
    "Ateret Cohanim": 1777,
    "Other country": 1778,
    "UNIDO": 1779,
    "Regime": 1780,
    "Right-wing activists": 1781,
    "Ahmadinejad": 1782,
    "US presidential election": 1783,
    "Mustafa Badreddine": 1784,
    "JCPOA parties": 1785,
    "Maldives": 1786,
    "Maldives government": 1787,
    "Boris Johnson": 1788,
    "Hassan Diab": 1789,
    "Doctors": 1790,
    "Melania Trump": 1791,
    "Colombia": 1792,
    "Iranian envoy": 1793,
    "Narges Mohammadi": 1794,
    "Careem": 1795,
    "Togo": 1796,
    "Umm al-Hiran": 1797,
    "Israel Antiquities Authority": 1798,
    "Polish parliament": 1799,
    "Zambia": 1800,
    "Treasury": 1801,
    "Cambodia": 1802,
    "Israeli navy ships": 1803,
    "James Zogby": 1804,
    "Democratic National Convention": 1805,
    "World Health Organization (WHO)": 1806,
    "Avi Gabbay": 1807,
    "US Democratic Party": 1808,
    "Fiji": 1809,
    "Sheikh Ali Salman": 1810,
    "Egyptian military court": 1811,
    "ECO member states": 1812,
    "Israeli Jews": 1813,
    "Private sector": 1814,
    "Attacker": 1815,
    "Kim Jong Un": 1816,
    "Chabahar Port": 1817,
    "Prisoners": 1818,
    "Defense Minister": 1819,
    "President": 1820,
    "US envoys": 1821,
    "Elor Azaria": 1822,
    "Palestinian lands": 1823,
    "Brazilian Jews": 1824,
    "Qatar Emir Sheikh Tamim bin Hamad Al-Thani": 1825,
    "Baghdad": 1826,
    "Homa Hoodfar": 1827,
    "Iranian Foreign Ministry Spokesman Bahram Qasemi": 1828,
    "World community": 1829,
    "Jordanian": 1830,
    "Myanmar": 1831,
    "Omar Mateen": 1832,
    "Iran security forces": 1833,
    "UN Office for the Coordination of Humanitarian Affairs (OCHA)": 1834,
    "Palestinian Territory": 1835,
    "Israeli society": 1836,
    "Michigan": 1837,
    "Punjab": 1838,
    "Syrian official": 1839,
    "Iranian Intelligence Ministry": 1840,
    "Israel Aerospace Industries": 1841,
    "FATF": 1842,
    "US Congress members": 1843,
    "Ivanka Trump": 1844,
    "Margaret Hodge": 1845,
    "Israeli ambassador": 1846,
    "Keith Ellison": 1847,
    "IRGC forces": 1848,
    "Egypt central bank": 1849,
    "Rob Kardashian": 1850,
    "Elizabeth Warren": 1851,
    "Palestinian citizen": 1852,
    "Nabeel Rajab": 1853,
    "Tripoli": 1854,
    "Banks": 1855,
    "U.S. Army": 1856,
    "Palestinian areas": 1857,
    "Doctors Without Borders": 1858,
    "Israeli security personnel": 1859,
    "Palestinian nation": 1860,
    "Father": 1861,
    "Mark Zuckerberg": 1862,
    "Elie Wiesel": 1863,
    "Auschwitz": 1864,
    "State of Israel": 1865,
    "Yoweri Museveni": 1866,
    "Turkey prime minister Binali Y\u0131ld\u0131r\u0131m": 1867,
    "FBI Director James Comey": 1868,
    "British MPs": 1869,
    "Uhuru Kenyatta": 1870,
    "Italian": 1871,
    "Namibia": 1872,
    "Gal Gadot": 1873,
    "Palestinian Authority officials": 1874,
    "Board of Deputies of British Jews": 1875,
    "Paraguay": 1876,
    "Newt Gingrich": 1877,
    "Pierre Vimont": 1878,
    "Fethullah Gulen": 1879,
    "Kashmir": 1880,
    "EU diplomats": 1881,
    "Malta": 1882,
    "Students for Justice in Palestine": 1883,
    "US and Europe": 1884,
    "Mike Pence": 1885,
    "Horacio Cartes": 1886,
    "Republican National Convention": 1887,
    "Rabbi Yigal Levinstein": 1888,
    "Giuliani": 1889,
    "Albert Einstein": 1890,
    "WhatsApp": 1891,
    "UK Parliament": 1892,
    "AIPAC conference": 1893,
    "Itamar Ben-Gvir": 1894,
    "Tim Kaine": 1895,
    "Iranian prisoners": 1896,
    "FATF (Financial Action Task Force)": 1897,
    "Businessman": 1898,
    "Iran foreign ministry spokesman Bahram Ghassemi": 1899,
    "Palestinian homes": 1900,
    "Syrian Air Force": 1901,
    "Ron Dermer": 1902,
    "Israel Broadcasting Authority": 1903,
    "Palestinian Committee of Prisoners\u2019 Affairs": 1904,
    "World Vision": 1905,
    "Black Lives Matter": 1906,
    "Sputnik": 1907,
    "Fatah Party": 1908,
    "United States Air Force": 1909,
    "Shahram Amiri": 1910,
    "Iranian nuclear scientist": 1911,
    "Judaism": 1912,
    "China National Petroleum Corporation (CNPC)": 1913,
    "Egyptian Navy": 1914,
    "Extremist settlers": 1915,
    "Israeli occupation police": 1916,
    "ExxonMobil": 1917,
    "Israel Securities Authority": 1918,
    "IKEA": 1919,
    "Russian Defence Ministry": 1920,
    "Western Europe": 1921,
    "DPRK": 1922,
    "Caspian states": 1923,
    "Papua New Guinea": 1924,
    "Ben Gurion Airport": 1925,
    "Holocaust victims": 1926,
    "Palestinian Committee of Prisoners' Affairs": 1927,
    "Yaakov Litzman": 1928,
    "Iranian cleric": 1929,
    "Latin American countries": 1930,
    "Israel-Palestine": 1931,
    "Honduras": 1932,
    "Nicaragua": 1933,
    "Russian Ministry of Defense": 1934,
    "Israeli Defence Minister": 1935,
    "Bill de Blasio": 1936,
    "Arab community in Israel": 1937,
    "Sunni Arab states": 1938,
    "Evo Morales": 1939,
    "Syrian soldier": 1940,
    "NSO Group": 1941,
    "Ansarullah": 1942,
    "Ukrainian forces": 1943,
    "Elon Musk": 1944,
    "Brunei": 1945,
    "SpaceX": 1946,
    "Uzbekistan government": 1947,
    "Trump campaign": 1948,
    "Israeli border guards": 1949,
    "Tesla": 1950,
    "Saudi rulers": 1951,
    "Iran's Supreme National Security Council": 1952,
    "Turkish delegation": 1953,
    "Researchers": 1954,
    "ASEAN": 1955,
    "IRNA news agency": 1956,
    "Sheba Medical Center": 1957,
    "US forces": 1958,
    "Guatemala": 1959,
    "Jordanian Foreign Ministry": 1960,
    "Balad party": 1961,
    "Iraqi authorities": 1962,
    "Residents": 1963,
    "Amona": 1964,
    "Utah": 1965,
    "U.S. Treasury": 1966,
    "Huma Abedin": 1967,
    "World Zionist Organization": 1968,
    "AG": 1969,
    "Iranian banks": 1970,
    "Kremlin": 1971,
    "Massachusetts": 1972,
    "US prosecutors": 1973,
    "Yuli Edelstein": 1974,
    "Andrew Cuomo": 1975,
    "UK Foreign Office": 1976,
    "Queen Elizabeth II": 1977,
    "Lehava": 1978,
    "Rodrigo Duterte": 1979,
    "Palestinian leader Marwan Barghouti": 1980,
    "Bashar Assad regime": 1981,
    "Passengers": 1982,
    "Christianity": 1983,
    "Ronald Lauder": 1984,
    "IRGC Navy": 1985,
    "Antonio Guterres": 1986,
    "Umm al-Fahm": 1987,
    "Wang Qishan": 1988,
    "Israeli officers": 1989,
    "Iran intelligence minister Mahmoud Alavi": 1990,
    "Unesco": 1991,
    "Field Marshal Khalifa Haftar": 1992,
    "Luxembourg": 1993,
    "Iranian oil minister Bijan Zanganeh": 1994,
    "Turkish court": 1995,
    "Pakistan military": 1996,
    "Detainees": 1997,
    "Chris Wallace": 1998,
    "Tufts University": 1999,
    "Roman Empire": 2000,
    "Volkswagen": 2001,
    "Eilat": 2002,
    "Enemy": 2003,
    "Lebanese president Michel Aoun": 2004,
    "Addameer": 2005,
    "Politico": 2006,
    "Prime Minister-designate Saad Hariri": 2007,
    "Hossein Amir-Abdollahian": 2008,
    "Iranian Diplomacy": 2009,
    "Jordanian military": 2010,
    "Trump administration": 2011,
    "Israel Central Bureau of Statistics": 2012,
    "Jean-Claude Juncker": 2013,
    "Stephen Bannon": 2014,
    "Moldova": 2015,
    "Kellyanne Conway": 2016,
    "Palestinian land owners": 2017,
    "Criminals": 2018,
    "Opposition parties": 2019,
    "German shipbuilder": 2020,
    "Mike Pompeo": 2021,
    "Miki Ganor": 2022,
    "Shinzo Abe": 2023,
    "Iran foreign ministry spokesman Bahram Qasemi": 2024,
    "Robert O'Brien": 2025,
    "Syrian Civil War": 2026,
    "Palestinian reconciliation": 2027,
    "Nikki Haley": 2028,
    "Roni Alsheich": 2029,
    "Justice Ministry": 2030,
    "Judge": 2031,
    "Asghar Farhadi": 2032,
    "UNGA": 2033,
    "Azza Soliman": 2034,
    "UAE leaders": 2035,
    "Richard Spencer": 2036,
    "Chinese counterpart": 2037,
    "Arash Sadeghi": 2038,
    "F-35": 2039,
    "Arab Quartet": 2040,
    "Hasm": 2041,
    "Iran's defence minister": 2042,
    "Brett McGurk": 2043,
    "Tillerson": 2044,
    "AfDB": 2045,
    "Manchester": 2046,
    "Same-sex couples": 2047,
    "US Embassy": 2048,
    "Tzachi Hanegbi": 2049,
    "Jordanian police": 2050,
    "Beny Steinmetz": 2051,
    "Russian ambassador": 2052,
    "Armenian Prime Minister Karen Karapetyan": 2053,
    "Democratic Party of Iranian Kurdistan (PDKI)": 2054,
    "Neo-Nazis": 2055,
    "Hamas spokesman Fawzi Barhoum": 2056,
    "French peace initiative": 2057,
    "Joint List party": 2058,
    "United Nations Security Council Resolution 2334": 2059,
    "Colel Chabad": 2060,
    "Iranian opposition leader": 2061,
    "Egyptian companies": 2062,
    "Ilham Aliyev": 2063,
    "Hawaii": 2064,
    "Chelsea Manning": 2065,
    "Broward County Sheriff's Office": 2066,
    "Arnon Mozes": 2067,
    "Yedioth Ahronoth publisher Arnon Mozes": 2068,
    "Dublin": 2069,
    "Arab sector": 2070,
    "Yair Netanyahu": 2071,
    "Paris peace conference": 2072,
    "Palestinian parties": 2073,
    "United States ambassador Nikki Haley": 2074,
    "Libyan parties": 2075,
    "Opposition MKs": 2076,
    "Masoud Barzani": 2077,
    "ZOA": 2078,
    "Gigi Hadid": 2079,
    "Muqtada al-Sadr": 2080,
    "White House press secretary Sean Spicer": 2081,
    "Likud members": 2082,
    "SpaceIL": 2083,
    "Sean Hannity": 2084,
    "James Mattis": 2085,
    "Airlines": 2086,
    "Department of Homeland Security": 2087,
    "Islamabad": 2088,
    "Indian Ocean": 2089,
    "Academy of Motion Picture Arts and Sciences": 2090,
    "Palestinian consensus government": 2091,
    "UN Secretary General Ant\u00f3nio Guterres": 2092,
    "Arye Dery": 2093,
    "West Bank settlements": 2094,
    "Mike Flynn": 2095,
    "Agriculture Ministry": 2096,
    "Bill Maher": 2097,
    "Iran's nuclear chief": 2098,
    "Israeli law": 2099,
    "Secretary of State Rex Tillerson": 2100,
    "Xinhua": 2101,
    "Ayman al-Zawahiri": 2102,
    "Salam Fayyad": 2103,
    "Hamas-run Gaza Strip": 2104,
    "Persian Gulf countries": 2105,
    "Afghan citizens": 2106,
    "Haifa Chemicals": 2107,
    "David Govrin": 2108,
    "Evangelicals": 2109,
    "Lebanese Prime Minister Saad Hariri": 2110,
    "Iranian oil tanker": 2111,
    "US ambassador to the United Nations": 2112,
    "Somaliland": 2113,
    "Israeli counterpart": 2114,
    "Australian PM": 2115,
    "Haftar": 2116,
    "Linda Sarsour": 2117,
    "Iraqi officials": 2118,
    "Pence": 2119,
    "ECO": 2120,
    "Unilever": 2121,
    "Gulf": 2122,
    "Western states": 2123,
    "Attorney General Jeff Sessions": 2124,
    "Rod Rosenstein": 2125,
    "Indonesian officials": 2126,
    "Uri Ariel": 2127,
    "International Women's Day": 2128,
    "US Navy ship": 2129,
    "Iran Civil Aviation Organization": 2130,
    "Denmark government": 2131,
    "US Marines": 2132,
    "US Central Command": 2133,
    "Jihadis": 2134,
    "Social media": 2135,
    "Hamas and Hezbollah": 2136,
    "Tulsi Gabbard": 2137,
    "Israeli and Palestinian officials": 2138,
    "Mobileye": 2139,
    "Egypt parliament speaker Ali Abdel-Aal": 2140,
    "Hillel": 2141,
    "Palestinian Journalists Syndicate": 2142,
    "UN Economic and Social Commission for Western Asia (ESCWA)": 2143,
    "Rima Khalaf": 2144,
    "Li Keqiang": 2145,
    "EBRD": 2146,
    "Syrian territory": 2147,
    "ACLU": 2148,
    "Sebastian Gorka": 2149,
    "Palestinian Ambassador Riyad Mansour": 2150,
    "Israeli enemy": 2151,
    "Israel delegation": 2152,
    "Iranian Gen. Qassem Soleimani": 2153,
    "Hillel International": 2154,
    "Senate Intelligence Committee": 2155,
    "Ayman Safadi": 2156,
    "Paraguay government": 2157,
    "Mehmet Hakan Atilla": 2158,
    "Dina Powell": 2159,
    "Rex Tillerson": 2160,
    "Halkbank": 2161,
    "Palestinian representative": 2162,
    "Free Syrian Army (FSA)": 2163,
    "Minister of Foreign Affairs Sameh Shoukry": 2164,
    "European Court of Justice": 2165,
    "OPCW": 2166,
    "Jim Mattis": 2167,
    "Ruhollah Khomeini": 2168,
    "Dublin City Council": 2169,
    "Russia's Foreign Ministry": 2170,
    "Fayez al-Sarraj": 2171,
    "Ebrahim Raisi": 2172,
    "Hamas leader Yahya Sinwar": 2173,
    "Diaspora": 2174,
    "Venezuela government": 2175,
    "John Kelly": 2176,
    "Ibrahimi Mosque": 2177,
    "US politicians": 2178,
    "Dr. Majid Rafizadeh": 2179,
    "Christians in Egypt": 2180,
    "British woman": 2181,
    "Weapons": 2182,
    "Earth": 2183,
    "Hanan Ashrawi": 2184,
    "Khalil al-Hayya": 2185,
    "UN spokesman Stephane Dujarric": 2186,
    "Nickolay Mladenov": 2187,
    "Leah Goldin": 2188,
    "South Pars gas field": 2189,
    "Saudi Arabia energy minister Khalid al-Falih": 2190,
    "Parents": 2191,
    "Bitcoin": 2192,
    "Non-Aligned Movement": 2193,
    "Yad Vashem Holocaust memorial": 2194,
    "Bella Hadid": 2195,
    "Palestinian activist Rasmea Odeh": 2196,
    "Ron DeSantis": 2197,
    "David Keyes": 2198,
    "Omar": 2199,
    "H.R. McMaster": 2200,
    "Palestinian Authority spokesman Nabil Abu Rudeineh": 2201,
    "Viktor Orban": 2202,
    "Yossi Mekelberg": 2203,
    "Iranian agents": 2204,
    "Afghan officials": 2205,
    "Chrystia Freeland": 2206,
    "International Court of Justice (ICJ)": 2207,
    "Uzbekistan president Shavkat Mirziyoyev": 2208,
    "Dov Hikind": 2209,
    "Foreign tourists": 2210,
    "Intelligence Ministry": 2211,
    "Jordanian citizen": 2212,
    "North Korean leader": 2213,
    "Qatar foreign minister": 2214,
    "Likud Central Committee": 2215,
    "Russia probe": 2216,
    "Sindh": 2217,
    "Other nations": 2218,
    "US defense official": 2219,
    "Roger Stone": 2220,
    "UN official": 2221,
    "UN peacekeepers": 2222,
    "Islamists": 2223,
    "Estonia": 2224,
    "Pakistani authorities": 2225,
    "Sergey Kislyak": 2226,
    "Lebanon government": 2227,
    "Emir of Qatar": 2228,
    "Asia": 2229,
    "Sudanese president Omar al-Bashir": 2230,
    "Egyptian intelligence": 2231,
    "Israel soldiers": 2232,
    "Palestinian activist Issa Amro": 2233,
    "Israel ambassador": 2234,
    "Mauritania": 2235,
    "Benny Gantz": 2236,
    "The Forward": 2237,
    "Michael Steinhardt": 2238,
    "IAI": 2239,
    "Qatari Foreign Minister Sheikh Mohammed bin Abdulrahman al-Thani": 2240,
    "US-backed forces": 2241,
    "Qatari officials": 2242,
    "Warren Buffett": 2243,
    "Sen. Rand Paul": 2244,
    "Special Counsel Robert Mueller": 2245,
    "Palestinian Ministry of Education": 2246,
    "Greenblatt": 2247,
    "Ariel University": 2248,
    "Robert Mueller": 2249,
    "U.S. delegation": 2250,
    "Mosul": 2251,
    "Bezeq Israel Telecom": 2252,
    "Jordan Valley": 2253,
    "San Francisco State University": 2254,
    "Diaspora Jewry": 2255,
    "Liberal Jews": 2256,
    "Saudi-led bloc": 2257,
    "FAO": 2258,
    "Salva Kiir": 2259,
    "Hungarian government": 2260,
    "Church of England": 2261,
    "Occupied Palestinian territory": 2262,
    "Shlomo Filber": 2263,
    "Shaul Elovitch": 2264,
    "Teva Pharmaceutical Industries": 2265,
    "AstraZeneca": 2266,
    "Xiyue Wang": 2267,
    "Princeton University": 2268,
    "Resistance": 2269,
    "UN refugee agency": 2270,
    "US representatives": 2271,
    "Rafael Advanced Defense Systems": 2272,
    "Eastern Ghouta": 2273,
    "U.S. Navy ship": 2274,
    "Israeli tourists": 2275,
    "Safadi": 2276,
    "Otzma Yehudit": 2277,
    "US State Department spokeswoman Heather Nauert": 2278,
    "Democratic People's Republic of Korea (DPRK)": 2279,
    "USS Nimitz": 2280,
    "Association for Civil Rights in Israel": 2281,
    "Iraqi Foreign Ministry": 2282,
    "Neda Amin": 2283,
    "Amir Ohana": 2284,
    "Democratic Socialists of America": 2285,
    "Bhutan": 2286,
    "Iran Khodro": 2287,
    "David Satterfield": 2288,
    "US Middle East envoy Jason Greenblatt": 2289,
    "Basra": 2290,
    "Burkina Faso": 2291,
    "PLO Executive Committee": 2292,
    "Roy Moore": 2293,
    "Beijing": 2294,
    "Society's Child": 2295,
    "Soldiers": 2296,
    "Kurdish people": 2297,
    "Jewish students": 2298,
    "Alistair Burt": 2299,
    "Eliezer Marom": 2300,
    "Eritrean government": 2301,
    "Myanmar military": 2302,
    "Syrian Foreign Ministry": 2303,
    "Fatah and Hamas": 2304,
    "Sergei Lavrov": 2305,
    "Balfour Declaration": 2306,
    "North Korean officials": 2307,
    "Miami": 2308,
    "International investors": 2309,
    "Pakistani Prime Minister Shahid Khaqan Abbasi": 2310,
    "Sheikh Abdullah bin Zayed": 2311,
    "Bnei Brak": 2312,
    "Im Tirtzu": 2313,
    "Kirkuk": 2314,
    "Kurdistan region": 2315,
    "Kurdish region": 2316,
    "David Friedman": 2317,
    "Palestinian prime minister": 2318,
    "US Energy Secretary Rick Perry": 2319,
    "German court": 2320,
    "Yasar Yakis": 2321,
    "Kaspersky Lab": 2322,
    "Dareen Tatour": 2323,
    "European signatories": 2324,
    "Likud lawmakers": 2325,
    "Steven Mnuchin": 2326,
    "Chris Murphy": 2327,
    "Iraqi Prime Minister": 2328,
    "White House senior adviser Jared Kushner": 2329,
    "Bahrain foreign minister Khalid bin Ahmed Al Khalifa": 2330,
    "George Papadopoulos": 2331,
    "Israel defense officials": 2332,
    "Priti Patel": 2333,
    "Laura Plummer": 2334,
    "Tariq Ramadan": 2335,
    "Black Cube": 2336,
    "Suez Canal Authority (SCA)": 2337,
    "Tajikistan president Emomali Rahmon": 2338,
    "Jordanian counterpart Ayman Safadi": 2339,
    "Energean": 2340,
    "Rutgers University": 2341,
    "Miss Israel": 2342,
    "University of Michigan": 2343,
    "Jean-Yves Le Drian": 2344,
    "Tucker Carlson": 2345,
    "Arab League Secretary-General Ahmed Aboul-Gheit": 2346,
    "Miss Iraq": 2347,
    "European partners": 2348,
    "UN experts": 2349,
    "Kim Darroch": 2350,
    "Syrian air defense": 2351,
    "Immigration and Customs Enforcement (ICE)": 2352,
    "U.S. prosecutors": 2353,
    "Egyptian security delegation": 2354,
    "United States (Country)": 2355,
    "COMESA": 2356,
    "Sudanese protesters": 2357,
    "Qais al-Khazali": 2358,
    "Alabama": 2359,
    "Russian army": 2360,
    "Dominican Republic": 2361,
    "Taro Kono": 2362,
    "Saudi crown prince": 2363,
    "Jimmy Morales": 2364,
    "Sergey Lavrov": 2365,
    "Elections": 2366,
    "Tourism industry": 2367,
    "Interior Minister": 2368,
    "Palestinian property": 2369,
    "Havat Gilad": 2370,
    "Neighbors": 2371,
    "Palestinian Central Council": 2372,
    "UN Relief and Works Agency (UNRWA)": 2373,
    "Polish President Andrzej Duda": 2374,
    "UNRWA commissioner general Pierre Krahenbuhl": 2375,
    "United Nations Relief and Works Agency (UNRWA)": 2376,
    "Sami Anan": 2377,
    "Yemen's Houthi movement": 2378,
    "Kenneth Marcus": 2379,
    "European counterparts": 2380,
    "Pierre Krahenbuhl": 2381,
    "Starbucks": 2382,
    "Richard Goldberg": 2383,
    "African leaders": 2384,
    "Southern Transitional Council (STC)": 2385,
    "Southern separatists": 2386,
    "Ze'ev Elkin": 2387,
    "Abu Mahdi al-Muhandis": 2388,
    "Masih Alinejad": 2389,
    "Poland government": 2390,
    "Syrian air defenses": 2391,
    "Syrian air defense systems": 2392,
    "Iranian forces in Syria": 2393,
    "Syrian anti-aircraft missile": 2394,
    "Gideon Levy": 2395,
    "FBI Director Christopher Wray": 2396,
    "UN Mideast envoy Nikolay Mladenov": 2397,
    "Munich Security Conference": 2398,
    "Women's March": 2399,
    "Justice Minister Gideon Sa\u2019ar": 2400,
    "Qatari envoy Mohammed al-Emadi": 2401,
    "MK Miki Zohar": 2402,
    "World Trade Organization (WTO)": 2403,
    "Cyril Ramaphosa": 2404,
    "Egyptian criminal court": 2405,
    "Nir Hefetz": 2406,
    "Israel Railways": 2407,
    "Rick Gates": 2408,
    "Ilan Yeshua": 2409,
    "Iris Elovitch": 2410,
    "Ultra-Orthodox parties": 2411,
    "Iran spokesman Behrouz Kamalvandi": 2412,
    "Tamika Mallory": 2413,
    "Israel Democracy Institute": 2414,
    "Women in Israel": 2415,
    "Heiko Maas": 2416,
    "Gina Haspel": 2417,
    "Cynthia Nixon": 2418,
    "Settlements": 2419,
    "Syrian nuclear reactor": 2420,
    "NYU": 2421,
    "Alexandria": 2422,
    "Democratic Front for the Liberation of Palestine (DFLP)": 2423,
    "Lebanese territory": 2424,
    "King Hamad bin Isa Al Khalifa": 2425,
    "John Bolton": 2426,
    "Juan Orlando Hernandez": 2427,
    "Palestinian journalist Yaser Murtaja": 2428,
    "Palestinian civilians in Gaza": 2429,
    "Committee to Protect Journalists": 2430,
    "Michael Cohen": 2431,
    "White Helmets": 2432,
    "President Emmanuel Macron": 2433,
    "Deutsche Welle": 2434,
    "Fadi al-Batsh": 2435,
    "Canary Mission": 2436,
    "Egyptian mediators": 2437,
    "Military forces": 2438,
    "Kabul": 2439,
    "Moon Jae-in": 2440,
    "NYPD": 2441,
    "Pompeo": 2442,
    "Morocco foreign minister Nasser Bourita": 2443,
    "Polisario Front": 2444,
    "Mohsen Fakhrizadeh": 2445,
    "Colin Kahl": 2446,
    "GERD": 2447,
    "Treasury Secretary Steven Mnuchin": 2448,
    "Russian military police": 2449,
    "Haniyeh": 2450,
    "Amal Fathy": 2451,
    "Wang Yi": 2452,
    "Armenian Prime Minister Nikol Pashinyan": 2453,
    "Rabat": 2454,
    "Jair Bolsonaro": 2455,
    "British teenager": 2456,
    "Palestine (Gaza)": 2457,
    "United Torah Judaism party": 2458,
    "Monica Lewinsky": 2459,
    "Richard Grenell": 2460,
    "Marc Lamont Hill": 2461,
    "Supreme Court Chief Justice Esther Hayut": 2462,
    "Morocco king Mohammed VI": 2463,
    "Natanz nuclear facility": 2464,
    "All Muslims": 2465,
    "British Council": 2466,
    "Palestinian factions in the Gaza Strip": 2467,
    "Gonen Segev": 2468,
    "Iranian intelligence services": 2469,
    "Matteo Salvini": 2470,
    "LGBTQ community": 2471,
    "Iranian Vice President Eshaq Jahangiri": 2472,
    "Chief Justice John Roberts": 2473,
    "Alexandria Ocasio-Cortez": 2474,
    "Steny Hoyer": 2475,
    "JNS": 2476,
    "Ariel Gold": 2477,
    "Iranian diplomat Assadollah Assadi": 2478,
    "Rashida Tlaib": 2479,
    "CMA CGM": 2480,
    "Ilhan Omar": 2481,
    "Ocasio-Cortez": 2482,
    "Irish Senate": 2483,
    "Sacha Baron Cohen": 2484,
    "Egyptian intelligence chief Abbas Kamel": 2485,
    "Iraqi protesters": 2486,
    "Saudi Press Agency": 2487,
    "Reuters report": 2488,
    "Fake news": 2489,
    "Rush Limbaugh": 2490,
    "Federal government": 2491,
    "Druze leaders": 2492,
    "Sen. Elizabeth Warren (D-Mass.)": 2493,
    "Ultra-Orthodox community": 2494,
    "Cory Booker": 2495,
    "Ben Shapiro": 2496,
    "Palestinians and Israelis": 2497,
    "Ivan Duque": 2498,
    "Jeremy Hunt": 2499,
    "Caspian Sea": 2500,
    "Reza Aslan": 2501,
    "Jewish Democratic Council of America": 2502,
    "Jewish Democrats": 2503,
    "Oslo Accords": 2504,
    "Associated Press": 2505,
    "Malaysian Prime Minister Mahathir Mohamad": 2506,
    "Maria Butina": 2507,
    "Prime Minister Imran Khan": 2508,
    "Adam Milstein": 2509,
    "Sudanese delegation": 2510,
    "Foreign country": 2511,
    "World Youth Forum": 2512,
    "Puerto Rico": 2513,
    "UN Palestinian refugee agency": 2514,
    "Bedouin community": 2515,
    "International Holocaust Remembrance Alliance (IHRA)": 2516,
    "Ayanna Pressley": 2517,
    "European Bank for Reconstruction and Development (EBRD)": 2518,
    "Ari Fuld": 2519,
    "Khalil Jabarin": 2520,
    "John Cheney-Lippold": 2521,
    "Libya government": 2522,
    "SWIFT": 2523,
    "Belgian court": 2524,
    "US student Lara Alqasem": 2525,
    "Lara Alqasem": 2526,
    "Brett Kavanaugh": 2527,
    "Jamal Khashoggi": 2528,
    "Scott Morrison": 2529,
    "Hamas rulers": 2530,
    "Diseases": 2531,
    "Beto O'Rourke": 2532,
    "Adnan Ghaith": 2533,
    "Oman sultan Qaboos bin Said": 2534,
    "Bolsonaro": 2535,
    "Anders Samuelsen": 2536,
    "Tlaib": 2537,
    "Ashraf Na\u2019alowa": 2538,
    "Iraqi president Barham Salih": 2539,
    "Taliban delegation": 2540,
    "B-52 bombers": 2541,
    "Kentucky": 2542,
    "Hamas government": 2543,
    "Brian Hook": 2544,
    "Chadian President Idriss Deby Itno": 2545,
    "Carlos Ghosn": 2546,
    "Pitzer College": 2547,
    "Temple University": 2548,
    "US Secretary of State Pompeo": 2549,
    "Meng Wanzhou": 2550,
    "Israeli Embassy": 2551,
    "Julian Castro": 2552,
    "Chinese envoy": 2553,
    "Foreign Minister Shah Mahmood Qureshi": 2554,
    "Qureshi": 2555,
    "Israel Resilience": 2556,
    "Right-wing parties": 2557,
    "Egyptian naval forces": 2558,
    "Palestine TV": 2559,
    "Whoopi Goldberg": 2560,
    "Rep. Rashida Tlaib (D-Mich.)": 2561,
    "Rep. Alexandria Ocasio-Cortez (D-N.Y.)": 2562,
    "Michael White": 2563,
    "US intelligence community": 2564,
    "Iraqi Prime Minister Adil Abdul-Mahdi": 2565,
    "Kamala Harris": 2566,
    "Israel Resilience party": 2567,
    "Marzieh Hashemi": 2568,
    "Rep. Ilhan Omar (D-Minn.)": 2569,
    "Juan Guaido": 2570,
    "Nicolas Maduro": 2571,
    "Iran Supreme Court": 2572,
    "Democratic Majority for Israel": 2573,
    "INSTEX": 2574,
    "German parliament": 2575,
    "Pete Buttigieg": 2576,
    "Rafi Peretz": 2577,
    "Arafat Irfaiya": 2578,
    "Cypriot president Nicos Anastasiades": 2579,
    "US forces in Iraq": 2580,
    "Chris Cuomo": 2581,
    "Liz Cheney": 2582,
    "House Speaker Nancy Pelosi": 2583,
    "Labor party": 2584,
    "Blue and White alliance": 2585,
    "Elan Carr": 2586,
    "AOC": 2587,
    "Saikat Chakrabarti": 2588,
    "Blue and White Party": 2589,
    "Amy Klobuchar": 2590,
    "Expediency Council": 2591,
    "US Congresswoman Ilhan Omar": 2592,
    "Ofer Cassif": 2593,
    "Jewish Power party": 2594,
    "Council on American-Islamic Relations (CAIR)": 2595,
    "Otzma Yehudit party": 2596,
    "Iranian human rights lawyer Nasrin Sotoudeh": 2597,
    "Local authorities": 2598,
    "Brown University": 2599,
    "Iran's Mahan Air": 2600,
    "Klaus Iohannis": 2601,
    "Union of Right-Wing Parties": 2602,
    "Blue and White leader Benny Gantz": 2603,
    "Popular Front for the Liberation of Palestine": 2604,
    "Minister of Health Hala Zayed": 2605,
    "New Right party": 2606,
    "Floods": 2607,
    "Iran's armed forces": 2608,
    "Smotrich": 2609,
    "Avigdor Liberman": 2610,
    "Labor": 2611,
    "Sudan military": 2612,
    "Acting Defense Secretary Patrick Shanahan": 2613,
    "Adam Schiff": 2614,
    "Strait of Hormuz": 2615,
    "USS Abraham Lincoln Carrier Strike Group": 2616,
    "US aircraft carrier": 2617,
    "USS Abraham Lincoln": 2618,
    "Turkey Ministry of Trade": 2619,
    "Anthony Blinken": 2620,
    "Iran judiciary spokesman Gholamhossein Esmaili": 2621,
    "US and allies": 2622,
    "United States and Iran": 2623,
    "US State Department spokeswoman Morgan Ortagus": 2624,
    "Palestinian Authority Prime Minister Mohammed Shtayyeh": 2625,
    "Florida Governor Ron DeSantis": 2626,
    "McDonald's": 2627,
    "Israel Anti-Boycott Act": 2628,
    "Sheikh Mohamed bin Zayed": 2629,
    "Abu Dhabi Crown Prince Mohammed bin Zayed Al Nahyan": 2630,
    "UAE foreign minister Sheikh Abdullah bin Zayed al-Nahyan": 2631,
    "Royal Navy": 2632,
    "Dr. Mohammed Al-Sulami": 2633,
    "European foreign ministers": 2634,
    "Justin Amash": 2635,
    "International partners": 2636,
    "Likud officials": 2637,
    "Mark Esper": 2638,
    "Chris Williamson": 2639,
    "US soldiers": 2640,
    "Shurat HaDin": 2641,
    "Josep Borrell": 2642,
    "Gibraltar": 2643,
    "Military council": 2644,
    "Palestinian Prime Minister Mohammad Ishtaye": 2645,
    "Iranian government spokesman Ali Rabiei": 2646,
    "Jeffrey Epstein": 2647,
    "HMS Duncan": 2648,
    "Fariba Adelkhah": 2649,
    "Cypriot police": 2650,
    "Rabbi Chaim Kanievsky": 2651,
    "USS Boxer": 2652,
    "British Prime Minister": 2653,
    "US Central Intelligence Agency (CIA)": 2654,
    "Defense Secretary Mark Esper": 2655,
    "Nitzan Horowitz": 2656,
    "Dominic Raab": 2657,
    "Alexei Navalny": 2658,
    "Media reports": 2659,
    "David Bitan": 2660,
    "Robert Malley": 2661,
    "Arab parties": 2662,
    "Foreign nationals": 2663,
    "State Comptroller Matanyahu Englman": 2664,
    "Greta Thunberg": 2665,
    "Western media": 2666,
    "Avi Berkowitz": 2667,
    "US Secretary of the Treasury Steven Mnuchin": 2668,
    "Environmental Protection Minister": 2669,
    "Kylie Moore-Gilbert": 2670,
    "Meir Ben-Shabbat": 2671,
    "Amer Fakhoury": 2672,
    "Yamina": 2673,
    "Andrew Yang": 2674,
    "Kahol Lavan leader Benny Gantz": 2675,
    "Ukrainian officials": 2676,
    "Samaria Regional Council": 2677,
    "Naama Issachar": 2678,
    "Israeli-American woman": 2679,
    "Ruhollah Zam": 2680,
    "Resistance Units": 2681,
    "Palestinian court": 2682,
    "Iraqi PM": 2683,
    "Dan Gertler": 2684,
    "Blue & White": 2685,
    "Libyan Government of National Accord (GNA)": 2686,
    "Mark Ruffalo": 2687,
    "Regional states": 2688,
    "State Attorney Shai Nitzan": 2689,
    "Iran Ministry of Health and Medical Education": 2690,
    "Greek Foreign Minister Nikos Dendias": 2691,
    "Rafael Grossi": 2692,
    "Greek Prime Minister Kyriakos Mitsotakis": 2693,
    "Moroccan officials": 2694,
    "Security cabinet": 2695,
    "Kataib Hezbollah militia": 2696,
    "Ghislaine Maxwell": 2697,
    "Esmail Ghaani": 2698,
    "Tunisian President Kais Saied": 2699,
    "French-Iranian academic Fariba Adelkhah": 2700,
    "Ethiopian officials": 2701,
    "Missiles": 2702,
    "Ukrainian passenger jet": 2703,
    "Iran (Qassem Soleimani)": 2704,
    "Ukraine International Airlines flight PS752": 2705,
    "Saudi Foreign Minister Prince Faisal bin Farhan": 2706,
    "China National Health Commission": 2707,
    "Mike Evans": 2708,
    "Nurses": 2709,
    "Mujahedin-e Khalq (MEK)": 2710,
    "Coronavirus pandemic": 2711,
    "Covid-19": 2712,
    "Iran's health ministry": 2713,
    "Iran health ministry spokesman Kianoush Jahanpour": 2714,
    "New York State": 2715,
    "Egypt's health ministry": 2716,
    "Yamina party": 2717,
    "Israel health officials": 2718,
    "Synagogue": 2719,
    "Anthony Fauci": 2720,
    "Death toll": 2721,
    "Ramy Shaath": 2722,
    "Locusts": 2723,
    "Iran Revolutionary Court": 2724,
    "Egyptian Health Ministry": 2725,
    "Health officials": 2726,
    "COVID-19 patients": 2727,
    "European Court of Human Rights": 2728,
    "Lebanese militants": 2729,
    "TikTok": 2730,
    "Persian Gulf": 2731,
    "Western Sahara": 2732,
    "Ukrainian authorities": 2733,
    "COVID-19 vaccine": 2734,
    "Sudanese Prime Minister Abdalla Hamdok": 2735,
    "Racism": 2736,
    "Lebanese delegation": 2737,
    "Nobel Peace Prize": 2738,
    "Palestinian Bedouins": 2739,
    "US Food and Drug Administration (FDA)": 2740,
    "Haiti": 2741,
    "Nile Basin countries": 2742,
    "JCPOA Joint Commission": 2743,
    "Palestine military": 2744,
    "Israel and Hamas": 2745,
    "Green New Deal": 2746,
    "Anti-vaxxers": 2747,
    "Ethiopia and Sudan": 2748,
    "Ukrainian citizens": 2749,
    "United": 2750,
    "Bushehr nuclear power plant": 2751,
    "Palest": 2752,
    "United Nations World Food Programme (WFP)": 2753,
    "Benjamin Net": 2754,
    "Ham": 2755,
    "Holocaust Remembrance Day": 2756,
    "Middle East and North Africa": 2757,
    "Military court": 2758,
    "Palestin": 2759,
    "Occupied Jerusalem": 2760,
    "Palestini": 2761,
    "Israel's right to exist": 2762,
    "Grand Ethiopian Renaissance Dam (GERD)": 2763,
    "Sistan and Baluchestan": 2764,
    "China-Pakistan Economic Corridor (CPEC)": 2765,
    "Developing countries": 2766,
    "Arabic language": 2767,
    "Salman Rushdie": 2768,
    "International oil companies": 2769,
    "Syria's Idlib": 2770,
    "Annex West Bank": 2771,
    "Corruption": 2772,
    "Opponents": 2773,
    "Egyptian Initiative for Personal Rights (EIPR)": 2774,
    "Atlantic Ocean": 2775,
    "Inter-Parliamentary Union (IPU)": 2776,
    "Donald": 2777,
    "Move embassy to Jerusalem": 2778,
    "Golan Heights": 2779,
    "Hasm terrorist group": 2780,
    "Deal of the Century": 2781,
    "Moon": 2782,
    "Lebanese airspace": 2783,
    "Vaccines": 2784,
    "All Americans": 2785,
    "Hamas military": 2786,
    "Iranian Kurdistan region": 2787,
    "Satellite launch": 2788,
    "Socialism": 2789,
    "US-Iran tensions": 2790,
    "Gibraltar government": 2791,
    "Annex Jordan Valley": 2792,
    "Renaissance Dam": 2793
}